char,parts,colors
的,5 2 1,
一,1,
了,2,
是,4 1 4,
不,4,
我,1 1 2 3,1 0 2 3 5 1
在,2 1 3,
人,2,
有,2 4,
这,4 3,
他,2 3,
来,1 6,
个,2 1,
你,2 2 3,
说,2 2 3 2,
上,3,
到,6 2,
就,5 3 4,
着,6 5,
大,3,
们,2 3,
道,3 6 3,
那,1 3 2,
么,1 2,
也,3,
地,3 3,
子,3,
下,3,
出,3 2,
时,4 3,
看,4 5,
要,6 3,
她,3 3,
中,3 1,
没,3 4,
然,4 4 4,
里,7,
为,1 2 1,
过,3 3,
自,6,
好,3 3,
得,3 4 1 3,
去,3 2,
可,1 3 1,1 2 1
会,2 2 2,
天,1 3,
还,4 3,
心,4,
后,2 1 3,
以,1 1 2,
小,3,
都,4 4 2,
和,5 3,
对,2 3,
想,4 5 4,
能,2 4 2 2,
起,7 3,
之,3,
手,4,
而,6,
只,3 2,
生,5,
什,2 2,
身,7,
头,2 3,
样,4 6,
事,1 3 3 1,1 2 3 1
多,3 3 ,
己,3,
家,3 7,
面,9,
知,5 3,
开,1 3,
如,3 3 ,
无,1 3,
现,4 4,
很,3 6,
点,2 3 4,
前,3 4 2,
发,2 2 1,
经,3 2 3,
情,3 4 4,
把,3 4,
老,4 2,
些,4 2 2,
话,2 6,
已,3,
又,2,
声,3 4,
意,5 4 4,
于,1 2,
回,2 3 1,1 2 1
笑,6 4,
所,4 4,
但,2 4 1,
眼,5 6,
成,2 1 3,1 2 1
方,4,
年,2 4,
见,4,
当,3 3,
女,3,
真,2 6 2,
两,1 2 2 2,
力,2,
气,4,
从,2 2,
用,5,
长,4,
动,2 2 2,
间,3 5,
国,2 4 1 1,1 2 3 1
走,7,
让,2 3,
被,5 5,
给,3 6,
正,5,
问,3 3,
打,3 2,
明,4 4,
儿,2,
法,3 3 2,
才,2 1,
几,2,
行,3 3,
三,3,
定,3 1 4,
此,4 2,
进,2 2 3,
再,1 2 3,
种,5 3 1,
将,3 3 3,
实,3 2 3,
同,2 1 3,
最,4 6 2,
本,4 1,
向,6,
分,2 2 ,
十,2,
学,3 2 3,
高,10,
第,6 3 1 1,
感,2 1 3 3 4,1 2 3 1 4
怎,2 3 4,
神,4 5,
听,3 4,
边,2 3,
作,2 2 3,
其,8,
吧,3 4,
却,3 2 2,
口,3,
觉,3 2 4,
啊,3 2 1 3 1,1 2 3 4 3
因,2 3 1,1 2 1
白,5,
次,2 4,
军,2 4,
做,2 5 4,
外,3 2,
门,3,
光,3 3,
风,2 2,
主,1 4,
住,2 1 4,
果,4 4,
与,2 1,
全,2 4,
二,2,
候,2 1 2 5,
公,2 2,
相,4 5,
吗,3 3,
等,6 3 3,
别,3 2 2,
色,2 4,
死,1 3 2,
张,3 4,
部,5 3 2,
太,3 1,
日,4,
少,3 1,
战,2 3 4,
理,4 7,
直,2 6,
重,2 4 1 2,1 2 0 2
王,4,
像,2 2 3 6,
脸,4 2 1 4,
比,2 2,
快,3 2 2,
何,2 1 3 1,1 2 3 2
水,4,
名,3 3,
体,2 4 1,
呢,3 3 2,
东,2 3,
叫,3 2,
西,6,
应,3 4,
便,2 1 4 2,
放,4 4,
马,3,
难,2 8,
轻,4 2 3,
更,1 4 2,
美,6 3,
位,2 5,
关,3 3,
机,4 2,
接,3 5 3,
先,4 2,
文,4,
处,3 2,
并,3 3,
望,3 4 4,
常,8 3,
完,3 1 3,
四,2 2 1,1 2 1
飞,1 2,
师,2 1 3,
者,4 4,
安,3 3,
清,3 4 4,
刚,2 2 2,
跟,7 6,
月,4,1
信,2 7,
山,3,
爱,4 2 2 2,
内,2 2,
龙,3 1 1,1 2 1
空,5 3,
带,4 2 3,
找,3 4,
原,2 5 3,
入,2,
李,4 3,
连,4 3,
吃,3 2 1,
场,3 1 2,
平,1 2 2,1 2 1
思,5 4,
林,4 4,
变,6 2,
使,2 1 3 2,
由,5,
受,4 2 2,
亲,5 4,
命,6 2,
目,5,
强,3 3 6,
男,5 2,
任,2 4,
该,2 6,
路,7 3 3,
车,4,
今,2 1 1,
海,3 2 5,
加,2 3,
远,1 3 3,
活,3 6,
特,4 3 3,
解,2 5 2 4,
电,5,
世,5,
性,3 5,
表,4 4,
许,2 2 2,
它,3 2,
立,5,
黑,12,
金,8,
红,3 3,
花,3 2 2,
转,4 2 1 1,
总,2 3 4,
算,6 5 3,
城,3 2 1 3,1 2 3 2 4
队,2 2,
孩,3 6,
反,2 2,
工,3,
始,3 2 3,
满,3 3 1 2 2 2,
新,5 4 4,
兵,4 1 2,
物,4 2 2,
离,4 2 2 2,
非,8,
虽,3 6,
云,2 2,
似,2 2 2,
万,1 2,
至,6,
干,3,
通,2 5 3,
认,2 2,
失,1 4,
火,4,
哥,1 3 1 1 3 1,1 2 1 3 4 3
士,3,
五,1 3,
惊,3 5 3,
魔,11 9,
竟,5 4 2,
姐,3 5,
乎,1 2 2,
剑,2 1 4 2,
往,3 1 4,
量,4 1 7,
早,6,
结,3 3 3,
怕,3 5,
流,3 2 2 3,
突,5 4,
坐,2 2 3,
斯,8 4,
音,5 4,
紧,2 2 6,
指,3 2 4,
拉,3 5,
杀,2 4,
半,2 3,
记,2 3,
且,5,
利,5 2,
合,6,
倒,2 6 2,
书,1 1 1 1,
度,3 3 1 2,
微,3 3 1 2 4,1 1 2 3 1
步,4 3,
教,4 3 4,
喜,9 3,
越,7 1 1 3,1 2 3 2
影,4 5 3 3,
谁,2 8,
冷,2 2 1 2,
深,3 2 2 4,
告,4 3,
落,3 3 3 3,
象,2 3 6,
容,5 2 3,
怪,3 2 3,
传,2 2 1 1,
钱,5 1 4,
提,3 4 1 4,
言,7,
随,2 2 4 3,
每,2 5,
双,2 2,
服,4 2 2,
击,3 2,
武,1 1 4 2,1 2 3 2
哪,3 1 3 2,
数,6 3 4,
站,5 2 3,
奇,3 1 3 1,1 2 3 2
房,4 4,
管,6 3 3 2,
灵,3 4,
刻,6 2,
题,4 1 4 6,
衣,2 4,
周,2 3 3,
静,4 4 2 3 1,
伤,2 2 2,
百,2 4,
拿,6 4,
妈,3 3,
办,2 2,
星,4 5,
化,2 2,
功,3 2,
绝,3 2 4,
系,1 6,
般,6 4,
必,3 1 1,1 2 1
业,5,
尔,2 3,
件,2 4,
血,1 5,
代,2 3,
精,6 4 4,
弟,2 3 1 1,
终,3 3 2,
近,4 3,
条,3 4,
青,4 4,
界,5 2 2,
司,1 1 3,
整,1 3 3 4 5,1 2 1 3 4
欢,2 4,
字,3 3,
晚,4 2 3 2,
民,3 2,
帮,4 2 3,
切,2 2 ,
即,3 2 2,
忙,3 3,
交,2 2 2,
或,1 3 1 3,1 2 3 1
暗,4 5 4,
夫,4,
员,3 4,
根,4 7,
石,5,
哈,3 6,
夜,2 2 3 1,
父,2 2,
制,3 2 1 2,1 2 1 3
友,2 2,
阿,2 1 3 1,1 2 3 2
息,6 4,
冲,2 3 1,
酒,3 7,
保,2 3 4,
片,4,
形,1 3 3,
阵,2 4,
南,2 2 5,
决,2 2 2,
请,2 4 4,
各,3 3,
报,3 2 2,
兴,4 2,
阳,2 5,
急,2 3 4,
语,2 1 3 3,
令,2 1 2,
错,5 4 4,
及,2 1,
刘,4 2,
极,4 2 1,
识,2 3 2,
备,3 5,
慢,3 4 5 2,
雪,8 3,
苦,3 5,
若,3 2 3,
领,2 1 2 6,
收,2 4,
底,3 2 2 1,
尽,3 1 2,
准,2 8,
华,2 2 2,
答,6 6,
众,2 2 2,
千,3,
消,3 3 4,
视,4 4,
罗,5 3,
敢,1 6 4,
留,5 5,
克,5 2,
乐,2 3,
够,2 3 3 3,
跑,7 2 3,
显,4 5,
嘴,3 4 2 2 5,
官,3 3 2,
断,6 1 4,
未,5,
势,3 2 1 2,
句,2 3,
求,1 5 1,
计,2 2,
论,2 2 2,
达,3 3,
则,4 2,
害,3 4 3,
八,2,
单,2 4 2,
久,2 1,
脚,4 3 2 2,
德,3 2 5 1 4,
元,1 3,
脑,4 4 2,
楚,4 4 1 4,
雨,8,
睛,5 4 4,
响,3 3 3,
刀,2,
确,5 2 5,
玉,4 1,
沉,3 2 2,
北,3 2,
格,4 3 3,
停,2 7 2,
陈,2 2 3,
市,2 3,
朝,2 6 4,
喝,3 4 2 2 1,
族,4 2 5,
江,3 3,
团,2 2 1 1,1 2 3 1
母,5,
章,5 6,
装,3 3 2 4,
亮,7 2,
客,3 3 3,
照,5 2 3 4,
乱,6 1,
易,4 2 2,
足,7,
依,2 2 4,
黄,4 5 2,
修,2 1 3 3,
破,5 5,
台,2 3,
球,4 1 5 1,
呀,3 4,
院,2 3 1 3,
送,3 3 3,
包,2 3,
义,1 2,
诉,2 4 1,
攻,3 4,
丝,2 2 1,
围,,
玩,4 1 3,
待,,
复,2 4 3,
况,2 3 2,
楼,,
丽,1 3 3,
痛,,
梦,,
呼,,
摇,,
期,8 4,
英,3 2 3,
低,,
帝,2 2 2 3,
兄,3 2,
背,,
持,3 3 3,
爷,2 2 2,
皇,,
七,2,
六,2 2,
穿,5 4,
杨,,
政,5 4,
运,,
居,,
叶,,
热,,
校,4 2 2 2,
谢,,
曾,2 6 4,
古,5,
细,,
产,,
睡,,
希,,
速,1 3 3 3,1 2 1 3
室,3 6,
旁,2 2 2 4,
另,3 2,
怀,,
露,,
异,,
写,,
鬼,,
娘,,
取,6 2,
式,1 3 2,1 2 1
除,2 2 1 4,
级,,
考,4 2,
建,3 3 2,
愿,,
招,,
饭,,
布,2 3,
续,,
程,5 3 4,
首,3 6,
观,2 4,
朋,4 4,
务,,
掉,,
赶,,
忽,,
注,3 1 4,
术,,
甚,,
差,,
呵,,
展,3 4 3,
争,,
品,3 3 3,
兰,,
宝,,
香,5 4,
斗,,
故,5 4,
雷,,
念,2 1 1 4,
段,,
顿,1 2 1 6,1 2 1 3
角,2 5,
疑,,
护,,
闪,,
木,,
需,,
调,2 2 3 3,
类,,
妹,,
爸,2 2 4,
线,,
左,,
游,3 4 2 3,
派,,
谈,,
激,,
冰,,
敌,,
跳,,
支,,
约,,
巴,,
您,,
顾,2 2 6,
肯,4 4,
醒,,
铁,,
抱,,
淡,,
造,4 3 3,
伙,,
资,,
群,3 1 3 6,
集,8 4,
联,,
商,2 2 2 2 3,
号,,
节,,
讲,,
掌,8 4,
赵,,
密,,
九,2,
病,5 1 2 2,
卫,,
米,,
威,,
继,,
渐,,
统,,
追,,
亚,,
简,,
练,,
基,8 3,
选,,
推,3 8,
改,3 4,
退,,
味,,
份,,
举,,
示,5,
忍,,
历,,
器,3 3 4 3 3,
恐,,
引,3 1,
试,,
皮,,
习,,
靠,,
导,,
存,,
莫,3 4 3,
志,,
区,,
汉,,
右,,
严,,
态,,
买,,
幸,3 5,
社,4 3,
佛,,
议,,
树,,
止,,
块,,
守,,
毛,,
挥,,
胡,5 4,
散,,
板,,
仅,,
隐,,
怒,,
床,,
苏,,
料,,
股,,
局,,
班,,
图,,
岁,,
礼,,
独,,
初,,
福,,
顺,3 6,
狂,,
默,,
巨,,
既,,
松,,
证,2 5,
烈,,
否,,
恶,,
治,3 2 3,
缓,,
排,3 8,
费,,
拍,,
耳,,
医,,
寒,,
哭,,
温,,
府,3 2 3,
担,,
称,,
余,,
钟,,
泪,,
烟,,
仍,,
具,,
忘,,
恩,,
毕,,
警,,
蓝,,
宫,,
吸,,
陆,,
究,5 2,
抓,,
压,2 3 1,
沙,,
救,,
呆,,
河,3 1 3 1,1 2 3 2
迷,,
枪,,
组,,
权,,
叹,,
孙,,
卷,,
查,,
毫,,
春,,
察,3 6 5,
圣,,
草,3 6,
较,,
胜,,
遇,,
充,,
史,3 2,
堂,8 3,
防,2 4,
据,,
猛,,
骑,,
土,3,
卡,,
助,5 2,
京,5 3,
银,,
贵,,
永,1 4,
质,,
屋,,
须,3 6,
副,,
换,,
刺,,
属,,
闻,,
境,3 5 4 2,
禁,,
阴,,
共,4 2,
负,,
弄,,
翻,,
虎,,
层,,
喊,,
逃,,
晓,,
座,,
雅,,
参,,
射,,
婚,,
险,,
君,,
划,,
坚,,
价,,
柔,,
超,,
扬,,
科,5 2 2,
按,,
狠,,
野,,
秦,5 5,
秘,,
熟,,
置,,
仙,,
模,,
伸,,
波,,
肉,,
假,2 3 2 2 2,
齐,,
舞,2 5 1 3 3,
脱,,
广,,
姑,,
麻,,
投,3 4,
顶,2 6,
致,,
责,,
景,4 5 3,
营,,
维,,
设,2 4,
坏,,
啦,,
秀,,
败,,
眉,,
州,,
药,,
承,,
案,,
狼,,
专,,
偷,,
画,,
吴,,
店,,
哦,,
弹,,
食,9,
欲,,
抬,,
标,,
秋,,
厉,,
良,,
际,,
状,,
烦,4 6,
午,,
摆,,
戏,,
桌,,
船,,
短,,
村,,
某,,
摸,,
付,,
演,3 3 1 5 2,
规,,
萧,,
封,,
握,,
田,,
唐,3 4 3,
藏,,
震,,
混,,
虚,,
透,,
纪,,
凌,,
休,,
嘛,,
梅,,
紫,,
歌,,
临,,
毒,,
宗,,
著,3 4 4,
索,,
印,2 1 2,
寻,,
湖,,
劲,,
职,,
技,3 2 2,
恨,,
婆,,
杰,,
羽,,
咱,,
素,,
凡,2 1,
值,,
飘,,
养,,
嘿,,
普,,
宁,,
吓,,
兽,,
夏,,
读,,
街,,
牛,,
仿,,
胸,,
浪,,
富,,
尚,8,
宇,3 1 3,
骨,,
智,,
纷,,
升,,
叔,,
善,,
弱,,
架,,
卖,,
袋,,
网,,
朱,,
骂,,
雄,2 2 8,
赛,,
略,5 3 3,
杯,,
施,4 2 3,
墙,,
环,,
罪,,
牙,,
窗,,
柳,,
厅,,
搞,,
端,,
洞,,
适,,
拥,,
释,,
洋,,
肩,,
魂,,
闹,,
蒙,,
洗,,
灯,,
借,2 4 4,
伯,,
免,,
菜,,
验,,
凤,,
鱼,,
徐,,
型,1 3 2 3,
娜,,
暴,,
亡,3,
讨,,
辈,,
懂,,
腿,,
灭,,
妙,,
效,,
危,,
优,,
盘,,
套,,
丁,,
趣,,
妖,,
束,,
杂,,
诗,,
迎,,
舍,,
旧,,
彩,,
委,,
挂,,
笔,,
狗,,
鲜,,
纸,,
抗,,
探,,
韩,,
尼,,
控,,
惜,,
珠,,
抽,,
创,,
归,,
挺,,
奋,,
陪,,
硬,,
避,,
园,,
托,,
训,,
勇,,
聊,,
奶,,
庄,,
奔,,
镇,,
拳,,
采,,
研,5 1 3,
配,7 3,
介,,
尊,,
冒,,
虑,,
敬,3 2 3 4,
丹,,
舒,,
蛋,,
哼,,
宋,,
济,,
妇,,
箭,,
择,,
犯,,
欣,,
甲,,
欧,,
课,,
扑,,
菲,,
燕,,
曲,6,
躲,,
玄,,
幻,,
茶,,
折,,
伊,,
傻,,
姓,3 5,
源,,
洛,,
遍,,
臣,6,
弃,,
犹,,
占,,
漂,,
挑,,
获,,
绿,,
峰,,
俊,,
疯,,
列,1 3 2,
森,,
妻,,
恋,,
误,,
拜,,
伟,,
移,,
纳,,
党,,
罢,,
腰,,
巧,,
孤,,
闭,,
圆,,
碰,,
镜,,
软,,
厚,,
累,,
昨,,
幽,,
悲,,
丈,2 1,
牌,,
降,,
颜,5 1 3 6,
劳,,
偏,,
省,4 5,
糊,,
馆,,
烧,,
谓,,
财,,
舰,,
汗,,
奈,,
操,,
迹,,
尸,,
悄,,
残,,
尖,,
鲁,,
锋,,
圈,,
油,,
俩,,
项,3 6,
撞,,
瞬,,
忆,,
盖,,
尤,,
徒,3 7,
乡,,
概,,
户,,
荡,,
艺,,
增,,
祖,,
困,,
殿,,
迅,,
横,,
范,,
律,3 3 3,
番,,
企,2 4,
惨,,
限,,
聚,,
含,,
凭,,
剧,,
碎,,
躺,,
缘,,
凉,,
腾,,
织,,
抢,,
预,4 6,
沈,,
替,,
孔,3 1,
批,,
康,,
惑,,
唯,,
率,,
惯,,
登,,
互,,
盯,,
稍,,
宣,3 1 4 1,
唱,,
诚,,
剩,,
咬,,
育,2 2 4,
诸,,
触,,
晨,,
策,,
疼,,
漫,,
材,,
补,,
私,5 2,
吐,,
纯,,
艾,,
贝,,
谷,,
庭,3 4 2,
挡,,
晃,,
吉,,
吹,,
仔,,
仇,,
凝,,
鼓,9 2 2,
农,,
席,,
征,3 5,
帅,,
附,,
缺,6 2 2,
塞,,
豪,,
亦,6,
杜,4 3,
努,,
判,,
谋,,
胆,,
尘,,
扎,,
滚,,
闷,,
迟,,
稳,,
翼,,
诺,,
闲,,
灰,,
朵,,
盛,,
梁,,
晶,,
餐,,
爆,,
伦,,
娇,,
侧,,
愣,,
鼻,,
轮,,
昏,,
抖,,
陷,,
敏,,
词,,
慌,,
愤,,
怜,,
颤,,
阶,,
苍,,
距,,
郑,,
川,,
扫,,
逼,,
县,,
忧,,
童,5 7,
执,,
丢,,
荣,,
臂,,
逐,,
傲,,
戴,,
芒,,
庆,,
伴,,
袭,,
供,,
积,,
测,,
遥,,
阻,,
例,,
睁,,
岛,,
遗,,
瞪,,
慕,,
皱,,
博,2 7 3,
幕,,
猜,,
益,,
净,,
泽,,
炼,,
监,,
鸡,,
珍,,
伏,,
绍,,
曹,7 4,
爬,,
丫,,
炸,,
壁,3 3 7 3,
涌,,
凶,,
郎,,
宿,,
怨,,
醉,,
拼,,
迫,,
革,,
瞧,,
奥,,
输,,
莉,,
忠,,
颗,4 4 6,
嗯,,
佳,,
旅,,
仁,,
鸟,,
骗,,
浩,3 4 3,
塔,,
胖,,
绪,,
枫,,
拔,,
赞,,
炮,,
傅,,
凯,,
邪,,
芳,,
浑,,
夺,,
宽,,
堆,,
裂,,
遭,7 4 3,
赤,,
旋,,
扭,,
洁,,
浮,,
悉,,
擦,,
慧,,
典,,
赏,,
匆,,
评,,
纵,,
莲,,
雾,,
乌,,
跃,,
壮,,
贴,,
丰,,
隔,,
健,,
辛,,
抵,,
竹,,
彻,,
摩,,
轰,,
编,,
肚,,
插,,
磨,11 5,
哎,,
御,3 2 1 4 2,
耐,,
惧,,
氏,2 2,
辉,,
扶,,
恢,,
貌,,
额,,
述,,
票,,
录,,
拖,,
膀,,
鹰,,
孟,,
递,,
瑞,,
唇,,
暂,,
货,,
琴,,
踪,,
码,,
慰,,
蛇,,
玲,,
晕,,
损,,
轩,,
粗,,
掩,,
屁,,
悠,,
仰,,
零,,
盟,,
途,,
贼,,
洪,,
悟,,
固,,
讶,,
冬,,
滑,,
甜,,
郁,,
琳,,
辆,,
乃,2,
猪,,
暖,,
妮,,
挣,,
旦,4 1,
估,,
坦,,
甘,,
佩,,
莱,,
享,,
吼,,
构,,
粉,,
萨,,
吻,,
潜,,
瓶,,
偶,,
戒,,
浓,,
毁,,
销,,
迪,,
拒,,
绕,,
勒,,
朗,,
嘻,,
尾,,
帐,,
废,,
延,,
敲,,
烂,,
曼,,
厌,,
宜,,
羞,,
喂,,
吟,,
滴,,
洲,,
爹,,
艳,,
晴,,
抚,,
缩,,
协,,
央,,
悔,,
肖,,
缠,,
脆,,
痕,,
伍,,
寂,,
启,,
翔,,
薄,,
侯,,
劝,,
郭,,
奴,,
鸣,,
倾,2 2 6,
彼,,
扔,,
撒,,
豫,,
检,,
针,,
耀,,
痴,,
姆,,
篇,6 4 5,
椅,,
厂,,
董,,
熊,,
埋,,
乖,,
狐,,
蒋,,
踏,,
隆,,
括,,
潮,,
唉,,
穷,,
聪,,
唤,,
泰,,
版,,
末,,
旗,,
仪,,
焦,,
猫,,
盗,,
侍,,
挤,,
款,,
拾,,
荒,,
姿,,
域,,
搭,,
脉,,
授,,
俗,2 2 2 3,
融,,
狱,,
欺,,
访,,
桥,,
锁,,
霸,,
牵,,
池,,
钻,,
港,,
喃,,
廷,4 2,
乘,,
玛,,
奉,,
扯,,
岳,,
减,,
弯,,
夹,,
辞,,
岸,,
岂,,
屈,,
恼,,
哲,,
季,,
召,,
丧,,
尝,,
恭,,
载,,
瘦,,
皆,2 2 5,
颇,,
茫,,
染,,
肃,,
爽,,
亏,,
吞,,
惹,,
哀,,
乔,,
趁,,
铺,,
脏,,
吕,,
奖,,
倍,,
汤,,
振,,
婷,,
牢,,
扰,,
溜,,
庞,,
臭,,
悦,,
赫,,
赢,,
跪,,
麦,,
枝,,
侠,,
泉,,
劫,,
炎,,
泥,,
赌,,
弓,,
魏,,
罩,,
疾,,
饰,,
符,,
垂,,
映,,
漠,,
脖,,
饮,,
沿,,
懒,,
肤,,
桑,,
堪,,
燃,,
卓,,
祝,,
赖,,
宾,,
贾,,
喘,,
焰,,
吵,,
冥,,
鞋,,
逸,,
均,,
库,,
裤,,
碗,,
航,,
踢,,
姨,,
酸,,
啸,,
龄,,
阁,,
舌,,
箱,,
冯,,
邦,,
钢,,
霞,,
促,,
泡,,
盾,,
羊,,
碧,,
援,,
忌,,
抹,,
倩,,
锐,,
喷,,
拦,,
嘉,,
袖,,
殊,,
辰,7,
繁,,
络,,
抛,,
嫁,,
咒,,
撤,,
键,,
湿,,
恰,,
虫,,
审,,
献,,
媚,,
贤,,
葛,,
刹,,
袁,,
摔,,
序,,
筑,,
斜,,
瓦,,
涂,,
湾,,
莎,,
崇,,
猎,,
刑,,
墨,,
娃,,
梯,,
桃,,
豆,,
驾,,
浅,,
径,,
饿,,
疲,,
搬,,
瓜,,
莹,,
滋,,
润,,
铃,,
蛮,,
蒂,,
拨,,
涛,,
予,4,
勾,,
惠,,
析,,
砍,,
撑,,
截,,
措,,
币,,
薇,,
愈,,
督,,
酷,,
祥,,
怖,,
侵,,
岩,,
扮,,
糟,,
盈,,
腹,,
斩,,
尺,,
签,,
稀,,
掏,,
夸,,
汽,,
液,,
姬,,
愧,,
汇,,
柱,,
粮,,
堡,,
仗,,
笨,,
奏,,
歉,,
甩,,
怔,,
允,2 2,
竞,,
祸,,
耶,,
爵,,
绩,,
诱,,
呜,,
穴,,
黎,,
租,,
培,,
砸,,
麽,,
井,,
窝,,
弥,,
返,,
匹,,
啥,,
凑,,
奸,,
陌,,
叛,,
核,,
卧,,
幅,,
眨,,
耗,,
洒,,
怡,,
详,,
卢,,
扣,,
哇,,
丑,,
勉,,
孝,,
矛,,
氛,,
衡,,
陶,,
购,,
汪,,
僵,,
疗,,
妃,,
罚,,
棋,,
缝,,
咐,,
躯,,
泛,,
愁,,
搜,,
慈,,
肥,,
笼,,
篮,,
俱,,
惟,,
柜,,
捉,,
悬,,
霍,,
泄,,
咽,,
齿,,
秒,,
勤,,
扩,,
屏,,
霜,,
袍,,
蝶,,
祭,,
厨,,
胁,,
璃,,
劈,,
赚,,
锦,,
尬,,
尴,,
熙,,
寺,,
昌,,
贺,,
巾,,
描,,
捕,,
陵,,
咳,,
扇,,
虹,,
绵,,
撕,,
蔡,,
催,,
彭,,
宠,,
贪,,
辱,,
誓,,
盒,,
寸,,
披,,
搂,,
饶,,
跌,,
欠,,
肌,,
售,,
巡,,
抑,,
纹,,
宏,,
幼,,
萍,,
驻,,
丛,,
亿,,
播,,
俄,,
刃,,
蕾,,
挨,,
仲,,
迈,,
违,,
辩,,
埃,,
艘,,
琪,,
灾,,
僧,,
渡,,
卑,,
雕,,
鼠,,
讯,,
辣,,
刷,,
艰,,
斥,,
裙,,
翠,,
饱,,
掠,,
询,,
勃,,
夕,,
矮,,
瑶,,
赐,,
捏,,
闯,,
姚,,
瑟,,
渴,,
谅,,
昂,,
串,,
沟,,
涉,,
咕,,
驶,,
摄,,
贫,,
辕,,
婉,,
鹏,,
姜,,
碍,,
荷,,
冠,,
魅,,
玫,,
裁,,
坡,,
鸿,,
邓,,
歪,4 5,
乏,,
申,,
割,,
巫,,
衫,,
棒,,
阔,,
泣,,
韦,,
恍,,
贯,,
魄,,
柄,,
患,,
覆,,
蜜,,
婴,,
励,,
锅,,
陛,,
遮,,
帕,,
咖,,
嫌,,
胳,,
挖,,
啪,,
矿,,
凄,,
爪,,
眠,,
穆,,
啡,,
吾,1 3 3,
坛,,
脾,,
恒,,
屠,,
玻,,
蓉,,
础,,
曰,4,
耸,,
膊,,
後,3 3 3,
逆,,
寿,,
驱,,
猴,,
佣,,
毅,,
舅,,
铜,,
娟,,
眯,,
淫,,
吩,,
匪,,
牧,,
役,,
寄,,
诡,,
纤,,
腐,,
姻,,
晰,,
渊,,
亭,,
邀,,
哄,,
骚,,
墓,,
柯,,
筋,,
崔,,
灿,,
捷,,
淋,,
弗,,
辑,,
棍,,
绳,,
频,,
廊,,
畏,,
歇,,
裹,,
苗,,
盼,,
咯,,
耍,,
煞,,
寝,,
瞒,,
添,,
嫂,,
纠,,
慨,,
嚷,,
驰,,
拐,,
宴,,
津,,
岚,,
浴,,
耻,,
挽,,
页,6,
誉,,
牲,,
乳,,
仓,,
逝,,
喉,,
逛,,
樱,,
兼,,
戈,,
哗,,
涯,,
捧,,
铭,,
障,,
摊,,
跨,,
妥,,
揉,,
晋,,
寞,,
寨,,
漆,,
污,,
嘲,,
枚,,
吊,,
乾,,
馨,,
伪,,
嗓,,
呈,,
卿,3 3 2 2,1 2 3 1
楠,,
籍,,
裸,,
链,,
灌,,
昆,,
畅,,
逍,,
帽,,
阅,,
逗,,
蹲,,
踩,,
窜,,
哑,,
趴,,
逢,,
植,,
媒,,
韵,,
昭,,
尹,,
谦,,
档,,
趟,,
沾,,
兔,,
订,,
朴,,
瞎,,
鞭,,
俺,,
斤,,
翅,,
肠,,
雀,,
慎,,
盆,,
迁,,
镖,,
芬,,
崖,,
丘,,
蠢,,
庙,,
潘,,
颖,,
拓,,
娶,,
纱,,
漏,,
谨,,
珊,,
仆,,
宙,,
尉,,
屑,,
叮,,
捂,,
涩,,
诧,,
柴,,
杆,,
涵,,
坠,,
赔,,
涨,,
嘟,,
崩,,
薛,,
藤,,
税,,
枯,,
译,,
帘,,
糖,,
愉,,
骄,,
羡,,
糕,,
彬,,
愚,,
疏,,
翰,,
堵,,
腕,,
眸,,
芸,,
溪,,
殷,,
谎,,
鼎,,
稿,,
哟,,
冤,,
症,,
棵,,
狄,,
咧,,
湘,,
宛,,
嫩,,
肆,,
宰,,
憾,,
偿,,
腔,,
哩,,
豹,,
瑰,,
鉴,,
绑,,
潇,,
戚,,
郡,,
澡,,
桂,,
兮,2 2,
雯,,
颠,,
狮,,
邻,,
契,4 2 3,
骇,,
卜,,
揭,,
妄,,
坑,,
伐,,
矩,,
烁,,
葬,,
诀,,
鄙,,
鹿,,
柏,,
溃,,
朕,,
舟,,
妆,,
躁,,
霉,,
侦,,
冻,,
娅,,
庸,,
筹,,
削,,
砰,,
耿,,
牺,,
筒,,
遂,,
旭,,
胎,,
惶,,
淑,,
叉,,
痒,,
竖,,
龟,,
斑,,
儒,,
嫣,,
宅,,
押,,
胃,,
旨,,
册,,
膝,,
浸,3 3 2 2,
弦,,
栏,,
衷,,
刮,,
艇,,
岗,,
赴,,
囊,,
斧,,
颊,,
疆,,
炉,,
塌,,
乞,,
旺,,
烤,,
黛,,
逊,,
贱,,
辨,,
狸,,
叙,,
愕,,
叠,,
遣,,
晌,,
麟,,
腥,,
粒,,
拟,,
俏,,
杖,,
芝,,
夷,,
衬,,
佐,,
巷,,
捡,,
遵,,
塑,,
桶,,
泼,,
滩,,
琼,,
昊,,
帆,,
搏,,
颈,,
噢,,
蹦,,
寡,,
贞,,
凰,,
哨,,
拆,,
茹,,
劣,,
嘱,,
沃,,
厢,,
摘,,
咋,,
坤,,
俯,,
媳,,
赋,,
嘶,,
贡,,
碌,,
匙,,
拢,,
谭,,
翁,,
辜,,
竭,5 4 2 2 1,
廉,,
械,,
贸,,
辅,,
讽,,
呐,,
斌,,
辽,,
填,,
窃,,
抄,,
溢,,
妒,,
吁,,
嗦,,
掀,,
芙,,
祈,,
栋,,
吱,,
撇,,
胞,,
轿,,
禅,,
妨,,
拂,,
倦,,
衰,4 1 1 4,1 2 1 3
靖,,
循,,
挪,,
蓬,,
惩,,
垃,,
账,,
驳,,
署,,
甫,,
顽,,
姥,,
圾,,
熬,,
枕,,
丐,,
茜,,
咦,,
厕,,
攀,,
彤,,
妍,,
拽,,
荆,,
妓,,
壶,,
於,4 2 2,
寇,,
鹤,,
钥,,
骤,,
渺,,
刊,,
肢,,
烛,,
孕,,
绽,,
彦,,
棉,,
俘,,
盔,,
剪,,
诞,,
兜,,
凛,,
岭,,
嚣,,
溅,,
笛,,
舱,,
罕,,
鸭,,
债,,
噬,,
钉,,
躬,,
倚,,
缕,,
咚,,
撼,,
蕊,,
侄,,
佑,,
雁,,
隶,,
践,,
拱,,
沐,,
菊,,
蜂,,
裕,,
兆,,
搅,,
尿,,
黯,,
歹,,
蓄,,
朦,,
嘀,,
怯,,
叨,,
纽,,
聘,,
腻,,
剥,,
彪,,
沸,,
氓,,
榜,,
逻,,
壳,,
储,,
憋,,
啤,,
匠,1 4 1,1 2 1
悍,,
昧,,
泊,,
篷,,
烫,,
狡,,
轨,,
汹,,
携,,
磊,,
隙,,
仑,,
摧,,
瞄,,
胧,,
趋,,
挠,,
煌,,
擅,,
卒,,
饼,,
狭,,
丸,,
惫,,
瞅,,
犬,,
砖,,
矣,2 5,
楞,,
昔,,
裳,8 2 4,
骆,,
雇,,
阎,,
骷,,
鸦,,
妞,,
墅,,
焚,,
谱,,
绘,,
梳,,
肿,,
魁,,
耽,,
擒,,
陡,,
璋,,
茂,,
蹄,,
瞥,,
瞳,,
髅,,
绣,,
硕,,
肺,,
兹,,
炒,,
邮,,
弘,3 2,
嫉,,
届,,
嗡,,
娱,,
喧,,
脂,,
膛,,
沧,,
疚,,
盐,,
扁,,
搁,,
茅,,
滔,,
坟,,
掐,,
瑜,,
邱,,
桐,,
茵,,
苹,,
旷,,
翘,,
郝,,
蓦,,
诈,,
沫,,
菁,3 4 4,
粹,,
琢,,
腊,,
钦,,
喻,,
宪,,
锻,,
睹,,
郊,,
饥,,
侃,,
粘,,
媛,,
谊,,
恳,,
厮,,
锤,,
凳,,
淮,,
蔽,,
聂,,
贩,,
潭,,
翩,,
呻,,
枉,,
拘,,
煮,,
焉,1 4 2 4,
址,,
匕,,
渗,,
览,,
敦,,
厦,,
蕴,,
冉,,
薪,,
呃,,
峻,,
荐,,
栽,,
嚎,,
汁,,
傍,,
秃,,
磕,,
禀,,
珑,,
坎,,
邵,,
萌,,
窄,,
阮,,
蹈,,
碑,,
婶,,
煤,,
寓,,
栈,,
滞,,
倘,,
杭,,
暇,,
狈,,
峡,,
侣,,
芦,,
蔓,,
蒸,,
禄,,
胀,,
醋,,
淌,,
伞,,
姊,,
钩,,
衍,,
妾,,
嘎,,
蜀,,
蝴,,
萝,,
莽,,
弩,,
祷,,
稚,,
圳,,
徽,,
衙,,
咸,2 1 3 3,1 2 3 1
陋,,
奢,,
罐,,
霄,,
毙,,
汝,,
敞,8 4,
暮,,
嘘,,
灼,,
澜,,
姗,,
倪,,
挫,,
咪,,
钧,,
捣,,
燥,,
泳,,
眶,,
乙,,
澈,,
焕,,
酬,,
筷,,
宵,,
缚,,
揪,,
蚁,,
喇,,
丞,1 4 1,
拎,,
棠,,
咙,,
梭,,
哧,,
棺,,
璇,,
瀚,,
肝,,
敛,,
剂,,
疤,,
渔,,
嗔,,
沮,,
廖,,
虏,,
皓,,
勋,,
恕,,
虐,,
虞,,
综,,
瘾,,
驴,,
晒,,
卦,,
迦,,
陀,,
窥,,
堕,,
哆,,
葡,,
帖,,
垫,,
屡,,
鹅,,
蛛,,
盲,,
碟,,
狞,,
囚,,
诊,,
揽,,
裴,,
捞,,
吏,1 3 2,
铮,,
萄,,
盏,,
霆,,
喔,,
贷,,
勿,,
吭,,
淘,,
辟,,
蔑,,
淹,,
麒,,
喽,,
栗,,
绷,,
惚,,
桓,,
桩,,
坊,,
嗽,,
履,,
璐,,
菩,,
巢,,
畜,,
兀,,
樊,,
锡,,
棚,,
仕,,
倏,,
芹,,
僻,,
絮,,
杏,,
浆,,
瘫,,
啧,,
磁,,
冈,,
逮,,
搓,,
赠,,
胶,,
脊,,
噩,,
绰,,
呕,,
嚼,,
谐,,
歼,,
揣,,
殖,,
拧,,
伺,,
霖,,
驼,,
襄,,
衔,,
惕,,
掷,,
卸,,
炽,,
敖,,
惭,,
框,,
捆,,
眩,,
蝉,,
谜,,
炫,,
塘,,
阱,,
膜,,
亨,,
奕,,
蚂,,
猩,,
滨,,
沁,,
跋,,
藩,,
舔,,
捐,,
歧,,
隋,,
蹭,,
甄,,
蜡,,
嗤,,
缸,,
嬉,,
哮,,
熄,,
窍,,
俞,,
豁,,
垒,,
掘,,
琦,,
屎,,
乍,,
孽,,
毯,,
弧,,
槐,,
铠,,
挟,,
襟,,
梨,,
嗅,,
祁,,
纲,,
渠,,
矢,,
捅,,
扛,,
朽,,
忖,,
匈,,
扒,,
雍,,
莺,,
侮,,
闺,,
霓,,
稽,,
斋,,
夭,,
沦,,
揍,,
瞟,,
苟,3 2 3,
琉,,
漪,,
暑,,
窟,,
钓,,
鳞,,
瓷,,
萱,,
株,,
倭,,
鞘,,
沛,,
噜,,
绞,,
颓,,
睿,,
噗,,
唔,,
幢,,
喀,,
诅,,
涕,,
拣,,
谣,,
叽,,
葱,,
拭,,
婢,,
铸,,
绮,,
剿,,
胤,,
秩,,
畔,,
粥,,
奎,,
绸,,
茨,,
熏,,
蹬,,
诏,,
岔,,
叭,,
咆,,
滥,,
梧,,
垮,,
澳,,
浙,,
甸,,
绯,,
诛,,
鲍,,
刁,,
厥,,
蚊,,
鞠,,
歆,,
拙,,
茗,,
眷,,
戮,,
唬,,
骏,,
扳,,
踹,,
漓,,
蝇,,
擂,,
涡,,
沌,,
凸,,
酿,,
蚩,,
唾,,
琐,,
犀,,
澄,,
哉,,
猾,,
煎,,
窒,,
虾,,
蝠,,
钞,,
瓣,,
唧,,
觑,,
哽,,
娥,,
婿,,
讪,,
耕,,
葫,,
暧,,
浇,,
嗨,,
诵,,
疫,,
兢,,
箫,,
颅,,
啼,,
绅,,
杉,,
嗜,,
券,,
遁,,
炯,,
霎,,
讥,,
迭,,
彷,,
觅,,
娴,,
抿,,
剔,,
稻,,
敷,,
泻,,
怠,,
龚,,
绒,,
讳,,
勺,,
函,,
喳,,
颂,,
搀,,
撩,,
擎,,
巍,,
脯,,
镶,,
寥,,
漾,,
缴,,
藉,,
弊,,
逞,,
膏,,
戳,,
呛,,
凹,,
叩,,
禽,,
懊,,
懈,,
蛟,,
亢,,
呸,,
芊,,
慑,,
跺,,
跄,,
蚀,,
栖,,
蔚,,
铲,,
坪,,
筝,,
顷,,
腮,,
踉,,
狰,,
踱,,
嗖,,
苑,,
秉,,
猿,,
堤,,
佟,,
悯,,
唠,,
憨,,
肘,,
拇,,
僚,,
霹,,
婕,,
禹,,
啃,,
匀,,
晖,,
怅,,
聋,,
拯,,
忿,,
韧,,
邹,,
梢,,
肋,,
窘,,
嵌,,
婪,,
辖,,
浦,,
炭,,
曦,,
簇,,
螺,,
酱,,
屯,,
悴,,
匡,,
冀,,
橙,,
倔,,
陕,,
筱,,
叱,,
髓,,
淳,,
矜,,
詹,,
菱,,
芷,,
惺,,
浊,,
囔,,
朔,,
憔,,
睫,,
睬,,
鸽,,
臀,,
吨,,
笙,,
戟,,
沼,,
谍,,
昕,,
蛊,,
煜,,
祀,,
罡,,
伶,,
荫,,
酥,,
懦,,
厄,,
峨,,
轴,,
伽,,
雳,,
卵,,
捶,,
檐,,
棘,,
嗣,,
钗,,
袜,,
妩,,
炕,,
偎,,
窦,,
蝎,,
溶,,
幺,,
膨,,
峙,,
缉,,
徊,,
呗,,
衅,,
砂,,
舵,,
昼,,
迸,,
斟,,
舆,,
椒,,
靓,,
旬,,
厘,,
窑,,
萎,,
涟,,
疙,,
芠,,
瘩,,
梵,,
靴,,
侥,,
匿,,
挚,,
镯,,
兑,,
尧,,
徘,,
芽,,
狙,,
闵,,
辫,,
瀑,,
嗷,,
庐,,
芯,,
禾,,
澎,,
邢,,
绊,,
蜘,,
憎,,
靡,,
褚,,
湛,,
蒲,,
嚓,,
珂,,
崽,,
贬,,
惮,,
婵,,
嗒,,
悸,,
晦,,
涅,,
恬,,
慷,,
穹,,
渣,,
屉,,
缭,,
绢,,
嬴,,
袱,,
黝,,
袅,,
淇,,
茄,,
寅,,
赦,,
悻,,
祟,,
榻,,
蛙,,
苇,,
嵩,,
茉,,
唰,,
咏,,
凿,,
粪,,
噪,,
菌,,
蝙,,
庶,,
邸,,
晟,,
禧,,
攒,,
虔,,
旱,,
琛,,
榴,,
漱,,
忑,,
匣,,
忐,,
谬,,
蟒,,
棱,,
钝,,
悚,,
廓,,
惘,,
漉,,
蟹,,
佬,,
曳,,
赎,,
壤,,
忡,,
倡,,
冶,,
姝,,
筠,,
竿,,
蜷,,
癌,,
嘈,,
蚕,,
剖,,
颁,,
缀,,
汀,,
谕,,
牡,,
斐,,
懵,,
皙,,
缪,,
蔷,,
诫,,
恤,,
咄,,
馒,,
矫,,
痞,,
橘,,
氧,,
贿,,
肮,,
瑾,,
璧,,
烙,,
攘,,
攥,,
汰,,
溺,,
铅,,
咔,,
芭,,
戎,,
褐,,
巩,,
吆,,
彰,,
漩,,
聆,,
蒜,,
棕,,
鹃,,
帜,,
鄂,,
搐,,
蔼,,
怦,,
穗,,
亩,,
撰,,
绎,,
牟,,
咨,,
奄,,
梓,,
绚,,
阀,,
烘,,
炙,,
翎,,
惋,,
驯,,
栩,,
逾,,
墟,,
鬟,,
茬,,
褪,,
鑫,,
骸,,
峭,,
缅,,
灶,,
洽,,
祯,,
暄,,
裔,,
韶,,
缎,,
砚,,
锥,,
辙,,
惦,,
铛,,
枣,,
桦,,
邃,,
橱,,
搔,,
腑,,
萤,,
枢,,
遏,,
募,,
憬,,
庵,,
叼,,
嫖,,
苛,,
锣,,
蹑,,
拌,,
奠,,
秽,,
殴,,
喋,,
糙,,
貂,,
揖,,
葵,,
榆,,
颐,,
皂,,
眈,,
扼,,
眺,,
孜,,
簌,,
玺,,
偌,,
蹿,,
蓓,,
弛,,
庇,,
檀,,
枭,,
螂,,
趾,,
崭,,
妲,,
掂,,
醇,,
掺,,
驿,,
槽,,
惬,,
镰,,
抡,,
憧,,
删,,
鸳,,
酣,,
宦,,
筐,,
琅,,
瞻,,
焱,,
飙,,
湃,,
俨,,
跷,,
栅,,
撅,,
煽,,
呱,,
缰,,
猝,,
衮,,
肴,,
殆,,
谴,,
蔬,,
飒,,
婧,,
阐,,
荧,,
侈,,
霏,,
瘟,,
芜,,
俭,,
崎,,
亥,,
俐,,
屿,,
譬,,
饺,,
垄,,
畴,,
杠,,
鬓,,
讼,,
晏,,
弈,,
鞍,,
瘸,,
钮,,
珏,,
钰,,
傀,,
噔,,
驭,,
靶,,
萦,,
韬,,
恙,,
懿,,
竺,,
吝,,
羁,,
荀,,
癫,,
嘭,,
菇,,
恃,,
瘪,,
儡,,
踌,,
呦,,
榕,,
昵,,
躇,,
烬,,
啰,,
酌,,
丙,,
涎,,
哒,,
冽,,
鸾,,
砌,,
烨,,
翟,,
辗,,
噎,,
驹,,
噼,,
咎,,
亵,,
陨,,
蠕,,
冕,,
雌,,
茸,,
瑛,,
剃,,
掰,,
蹙,,
橡,,
佯,,
笃,,
崛,,
勘,,
稼,,
桀,,
渝,,
拚,,
汐,,
锈,,
磅,,
壕,,
娄,,
撮,,
玑,,
祠,,
鹫,,
娲,,
黏,,
珀,,
睽,,
栓,,
绫,,
阑,,
邑,,
瑕,,
磋,,
粟,,
薯,,
沪,,
讷,,
岑,,
炜,,
玮,,
娼,,
迂,,
伎,,
鲸,,
翡,,
坝,,
铐,,
洼,,
蹊,,
寐,,
肾,,
鸯,,
這,7 3,
敝,,
涧,,
崆,,
甭,,
笠,,
扈,,
哝,,
芮,,
卉,,
靳,,
诬,,
札,,
婊,,
裘,,
扉,,
疮,,
巅,,
坞,,
膳,,
剌,,
鳄,,
捺,,
悼,,
茧,,
毋,,
曙,,
馅,,
簸,,
忒,,
妳,,
叟,,
拴,,
嬷,,
稣,,
痹,,
垣,,
蛤,,
谏,,
羹,,
沥,,
蛾,,
瑚,,
個,2 2 5 1,1 2 3 2
熔,,
惆,,
雏,,
饷,,
拗,,
燎,,
熠,,
薰,,
蕃,,
捋,,
籁,,
髦,,
飓,,
簿,,
迢,,
汩,,
闸,,
狩,,
鲨,,
蜥,,
惴,,
胯,,
侨,,
劭,,
烹,,
咣,,
攸,,
锄,,
硝,,
颔,,
鸥,,
滕,,
寰,,
紊,,
蕉,,
稠,,
蟆,,
垢,,
楷,,
炊,,
忻,,
炳,,
腆,,
褒,,
酋,,
赃,,
拈,,
抒,,
孰,,
袄,,
褂,,
孺,,
胭,,
赘,,
嫡,,
礁,,
珉,,
啜,,
钳,,
晾,,
茎,,
隧,,
窿,,
骋,,
嫦,,
槛,,
掳,,
莞,,
瓢,,
曜,,
锯,,
猖,,
遐,,
蹋,,
飕,,
麾,,
渍,,
猥,,
篝,,
殉,,
枷,,
蜒,,
皎,,
霁,,
诩,,
窖,,
咫,,
檬,,
乒,,
奚,,
淤,,
溯,,
凋,,
纺,,
篱,,
泌,,
刨,,
樵,,
忏,,
盎,,
戾,,
咀,,
屹,,
挎,,
羔,,
殃,,
庚,,
淼,,
淀,,
隘,,
绛,,
缨,,
焘,,
璨,,
跤,,
锵,,
摁,,
痊,,
嫔,,
來,8,
臻,,
泯,,
糜,,
睦,,
喵,,
缥,,
褥,,
魇,,
汶,,
馋,,
渎,,
蜿,,
抠,,
诶,,
墩,,
棣,,
沓,,
喏,,
诲,,
琶,,
缈,,
缔,,
酝,,
耷,,
弼,,
柬,,
浏,,
拷,,
剁,,
柿,,
琵,,
沂,,
蕙,,
捻,,
帛,,
柠,,
饵,,
撂,,
娓,,
乓,,
轲,,
髯,,
娉,,
圭,,
璀,,
苔,,
肪,,
吮,,
瞩,,
啄,,
帷,,
箍,,
蟑,,
炖,,
梗,,
捎,,
瞿,,
嗬,,
蘑,,
唏,,
鹊,,
矶,,
羌,,
骼,,
筛,,
鲤,,
羲,,
祺,,
馈,,
伫,,
羿,,
苞,,
犁,,
铎,,
啬,,
舷,,
矗,,
癖,,
掣,,
匾,,
谧,,
瀛,,
珞,,
衲,,
毓,,
恺,,
纬,,
惰,,
嘤,,
诣,,
谛,,
藻,,
啷,,
佘,,
黠,,
饲,,
虬,,
涤,,
骡,,
钵,,
邯,,
笋,,
瑀,,
芥,,
醺,,
舜,,
佼,,
龌,,
簪,,
痰,,
蹂,,
恻,,
簧,,
甥,,
腼,,
驮,,
缤,,
潺,,
獠,,
筏,,
锭,,
阙,,
粤,,
瞌,,
髻,,
琏,,
龊,,
椎,,
唆,,
煦,,
嵋,,
幡,3 1 6 5,
翌,,
毡,,
碳,,
鸨,,
闽,,
躏,,
蜓,,
咻,,
捍,,
睨,,
鼾,,
桔,,
娆,,
抉,,
玟,,
蜻,,
徨,,
嗲,,
碾,,
哐,,
粼,,
啐,,
谑,,
嚏,,
甬,,
鳖,,
榨,,
倜,,
稷,,
妤,,
篡,,
晤,,
肇,,
咂,,
帚,,
瘤,,
瞠,,
嚅,,
怆,,
镔,,
撵,,
裆,,
腺,,
骁,,
坷,,
箐,,
螃,,
冢,,
锢,,
晁,,
濒,,
蝗,,
烽,,
辘,,
莘,,
撬,,
澹,,
瓮,,
亘,,
钊,,
篓,,
缇,,
宸,,
泓,,
鞑,,
胄,,
羚,,
绥,,
笺,,
荤,,
迄,,
踞,,
桨,,
慵,,
噤,,
幌,,
荻,,
跚,,
袒,,
浣,,
榄,,
痪,,
荼,,
晗,,
阉,,
腋,,
骰,,
曝,,
涮,,
踵,,
炬,,
涣,,
俟,,
皑,,
瞑,,
渲,,
擞,,
赂,,
湮,,
麓,,
铿,,
埔,,
峦,,
噘,,
涓,,
掬,,
莓,,
怏,,
萃,,
呲,,
蹒,,
鳌,,
睐,,
昱,,
旌,,
摞,,
們,2 7,
吠,,
濮,,
卞,,
琬,,
谙,,
啕,,
轶,,
搪,,
陇,,
纨,,
膺,,
皋,,
霭,,
呓,,
橄,,
纶,,
垛,,
嗫,,
盅,,
拄,,
踝,,
臧,,
淅,,
岌,,
岱,,
璞,,
缄,,
秧,,
翱,,
卤,,
逅,,
靥,,
磐,,
壑,,
斓,,
翊,,
挛,,
琰,,
叁,,
佗,,
阖,,
戬,,
怂,,
汲,,
垠,,
迥,,
邂,,
咛,,
杞,,
痘,,
臊,,
藕,,
湄,,
媲,,
癞,,
辄,,
獒,,
恪,,
砾,,
痉,,
吒,,
蜕,,
椰,,
仨,,
纣,,
馁,,
镐,,
蜈,,
窈,,
說,7 2 3 2,
秤,,
桢,,
粱,,
辐,,
悖,,
涔,,
偕,,
渭,,
汴,,
蜴,,
桅,,
隅,,
卯,,
骜,,
孚,,
禺,,
琥,,
阚,,
杵,,
掖,,
畸,,
晔,,
婀,,
菡,,
噶,,
昙,,
坍,,
俑,,
滤,,
侏,,
潦,,
挲,,
覃,,
硫,,
俸,,
蟠,,
弋,,
梆,,
驸,,
馀,,
笈,,
忱,,
恿,,
胥,,
垦,,
滢,,
窕,,
滇,,
珅,,
邬,,
圃,,
咿,,
徙,,
瘴,,
舫,,
嗝,,
泞,,
藐,,
赣,,
鹦,,
逵,,
戍,,
榭,,
牠,,
揩,,
熹,,
蟾,,
霾,,
蔫,,
跛,,
岐,,
脐,,
糗,,
螳,,
哺,,
鹭,,
蚣,,
炀,,
嵬,,
褶,,
恸,,
隽,,
飚,,
玥,,
籽,,
釜,,
剐,,
鸠,,
磷,,
沒,3 2 2,
娑,,
谄,,
巳,,
恣,,
猬,,
酪,,
丕,,
溟,,
隼,,
峒,,
芋,,
觊,,
旖,,
筵,,
娣,,
婠,,
盹,,
涸,,
劾,6 2,
颌,,
趔,,
殇,,
噌,,
轧,,
沽,,
愫,,
鸢,,
龇,,
玷,,
掸,,
趄,,
溥,,
疵,,
皖,,
邺,,
杳,,
聿,,
镀,,
祎,,
鹉,,
匍,,
崴,,
岖,,
幔,,
蝈,,
雒,,
镑,,
臆,,
偃,,
蜗,,
瞰,,
侬,,
郸,,
搡,,
缆,,
袂,,
楮,,
麼,11 3,
诠,,
洵,,
犊,,
摹,3 4 3 4,
蟀,,
瓒,,
邋,,
苻,,
荦,,
竣,,
骥,,
泗,,
痣,,
贲,,
胴,,
潼,,
弑,,
匐,,
姣,,
谤,,
蘸,,
蟋,,
渥,,
浒,,
蛐,,
阂,,
糯,,
愠,,
嵇,,
谒,,
绾,,
舀,,
呤,,
噙,,
槟,,
嘣,,
诃,,
宓,,
脓,,
樟,,
忪,,
蛰,,
咤,,
捱,,
阜,,
峥,,
濡,,
遢,,
瑙,,
碉,,
荃,,
孵,,
讹,,
嗵,,
彝,,
颀,,
苓,,
咝,,
臾,,
篆,6 3 6,
椭,,
沏,,
颦,,
蛆,,
淆,,
揄,,
嗑,,
辎,,
踮,,
犷,,
荔,,
鳅,,
會,2 1 3 2 1 4,1 2 3 4 3 5
闫,,
徵,3 3 1 4 4,1 1 2 3 1
隗,,
渤,,
馍,,
锏,,
楣,,
蜃,,
遛,,
倌,,
氤,,
戌,,
嶙,,
馗,,
匮,,
揶,,
胚,,
啻,,
敕,,
夙,,
锹,,
珈,,
跂,,
摒,,
迩,,
啾,,
峪,,
靼,,
菠,,
蓟,,
沅,,
馥,,
槌,,
燮,,
為,4 8,
褛,,
贻,,
礴,,
豚,,
氲,,
湍,,
腌,,
蚱,,
殡,,
毗,,
耙,,
诽,,
褴,,
恁,,
呷,,
蚌,,
瘁,,
铝,,
蔻,,
憩,,
锚,,
濑,,
耘,,
俾,,
鬃,,
裟,,
祢,,
苒,,
鱿,,
蘅,,
唷,,
傥,,
袈,,
豺,,
町,,
掇,,
坯,,
阏,,
戛,,
贮,,
塾,,
剽,,
孬,,
衩,,
镣,,
戊,,
犟,,
酉,,
夥,,
斡,,
過,9 3,
珩,,
匝,,
诘,,
攫,,
潢,,
黔,,
臃,,
罂,,
轼,,
酗,,
嘹,,
時,4 3 3,
阪,,
璎,,
冗,,
桧,,
闳,,
皿,,
囡,,
辍,,
觎,,
浚,,
闰,,
臼,,
蹩,,
煲,,
怵,,
囤,,
罔,,
蚓,,
碴,,
姒,,
灸,,
蚯,,
嗥,,
堑,,
箴,,
谗,,
嵘,,
箩,,
艮,,
碱,,
葆,,
還,5 1 3 4 3,
旎,,
谆,,
粽,,
牒,,
泸,,
蔺,,
刽,,
锷,,
诋,,
惇,,
缜,,
爻,,
贰,,
坳,,
睑,,
葭,,
昀,,
經,6 1 3 3,
噫,,
妪,,
镂,,
癸,,
沣,,
笆,,
壬,,
绉,,
抨,,
箕,,
叵,,
坨,,
颉,,
姹,,
赳,,
琮,,
焊,,
纭,,
淬,,
埠,,
泱,,
恹,,
淙,,
榛,,
酵,,
銮,,
孛,,
嗳,,
佶,,
犒,,
茱,,
饪,,
孪,,
泠,,
砺,,
遽,,
嗟,,
钙,,
鲲,,
谚,,
闾,,
谟,,
馊,,
翦,,
雉,,
虱,,
糠,,
锴,,
赈,,
骠,,
旮,,
峋,,
跆,,
飛,9,
瘠,,
潸,,
饕,,
佚,,
淄,,
谀,,
镳,,
廿,,
喟,,
偻,,
绺,,
沱,,
囱,,
铳,,
袤,,
兖,,
對,5 6 3,
栾,,
畿,,
诌,,
赓,,
苯,,
佻,,
繇,,
魈,,
屌,,
谲,,
泾,,
獗,,
鞅,,
蹶,,
绔,,
雹,,
旯,,
洱,,
樣,4 6 1 4,
馄,,
粲,,
哂,,
蔗,,
饨,,
奘,,
芍,,
淞,,
腴,,
現,4 7,
剜,,
汾,,
顼,,
濂,,
蜚,,
殒,,
麝,,
鹞,,
蚤,,
浃,,
坂,,
颚,,
忤,,
洙,,
祗,,
無,2 5 1 4,
迤,,
眦,,
彗,,
暹,,
赧,,
佝,,
蒯,,
郦,,
僮,,
钺,,
嘞,,
硅,,
玳,,
蛹,,
睾,,
螭,,
赁,,
盂,,
瑁,,
俅,,
侗,,
骛,,
宕,,
纂,6 5 3 6,
堰,,
厩,,
萋,,
鄢,,
帔,,
蓁,,
杈,,
熨,,
挞,,
阗,,
開,8 1 3,
觐,,
钏,,
煊,,
泫,,
迳,,
夔,,
缮,,
燧,,
嘁,,
孱,,
懑,,
邕,,
彧,,
柩,,
耆,,
漕,,
鹄,,
龛,,
饯,,
餮,,
幄,,
鹘,,
爰,4 3 2,
噻,,
倨,,
汜,,
诙,,
锃,,
颧,,
璟,,
纰,,
绡,,
鏖,,
瞭,,
氢,,
颢,,
楔,,
藜,,
郢,,
妫,,
栀,,
岫,,
谥,,
骧,,
犄,,
葳,,
辇,,
珪,,
魑,,
璜,,
聒,,
椿,,
谩,,
伢,,
琊,,
骅,,
禛,,
鹜,,
闩,,
颍,,
翕,,
濠,,
仞,,
鳗,,
玖,,
踊,,
皈,,
骊,,
痿,,
芑,,
孑,,
檄,,
撸,,
帼,,
啵,,
昶,,
柚,,
祐,,
篑,,
陲,,
潋,,
亟,,
樽,,
遨,,
锺,,
舶,,
莆,,
蛀,,
琨,,
點,12 2 3,
邈,,
棂,,
抻,,
搽,,
俪,,
铉,,
怩,,
嚯,,
茁,,
韭,,
膘,,
酩,,
榔,,
娩,,
忸,,
刎,,
彿,,
扪,,
漳,,
呶,,
瑄,,
仃,,
呯,,
佞,,
饬,,
壹,,
裨,,
黜,,
巽,,
鹂,,
滂,,
徉,,
戕,,
埂,,
倢,,
僖,,
纫,,
奂,,
溉,,
範,,
猊,,
胛,,
卟,,
锌,,
遑,,
跻,,
珣,,
妗,,
蒿,,
钛,,
岷,,
葩,,
傕,,
磺,,
魃,,
汕,,
蠡,,
苋,,
剎,,
肛,,
潞,,
阕,,
铤,,
桠,,
涿,,
薜,,
郃,,
氐,,
鲛,,
睥,,
滦,,
稔,,
頭,1 3 3 2 7,
妺,,
锲,,
徜,,
哙,,
冼,,
獐,,
讧,,
喙,,
氨,,
缯,,
赊,,
褓,,
菀,,
鄱,,
炅,,
碜,,
戗,,
嫫,,
瓴,,
犍,,
酊,,
臌,,
钠,,
螓,,
镌,,
麗,,
铀,,
羯,,
挝,,
谡,,
邙,,
襁,,
渚,,
胫,,
箸,,
逖,,
雎,,
砥,,
衢,,
狒,,
骞,,
荟,,
汛,,
盥,,
睚,,
栎,,
祚,,
砣,,
烩,,
氣,4 6,
夯,,
拮,,
驷,,
掴,,
蘩,,
禩,,
蜞,,
乜,,
灏,,
殓,,
發,5 3 4,
哔,,
擢,,
殛,,
荪,,
徇,,
蹴,,
疹,,
鸵,,
谯,,
忾,,
韫,,
祛,,
膻,,
黢,,
仄,,
唳,,
炁,,
烊,,
孀,,
斫,,
腚,,
牍,,
懋,,
佃,,
赡,,
鹗,,
秣,,
榷,,
镭,,
铄,,
庾,,
媾,,
嫒,,
饽,,
佥,,
谌,,
尕,,
啮,,
蝼,,
闱,,
篙,,
逡,,
膑,,
問,8 3,
荥,,
隍,,
蕨,,
罄,,
郓,,
囵,,
橹,,
诰,,
睢,,
蹇,,
喱,,
縯,,
間,8 4,
話,7 6,
肓,,
榈,,
绶,,
罹,,
槊,,
瑗,,
槁,,
秸,,
裱,,
荑,,
牦,,
滓,,
腓,,
谶,,
砝,,
舐,,
嗎,,
秆,,
荏,,
邝,,
芈,,
給,6 6,
斛,,
暨,,
狻,,
滟,,
恫,,
麋,,
纾,,
锟,,
粑,,
诳,,
氅,,
寮,,
鹑,,
驽,,
囫,,
炷,,
缙,,
徕,,
弭,,
聲,3 4 4 6,
橇,,
痢,,
撺,,
柑,,
圜,,
儆,,
魉,,
妊,,
婳,,
兩,1 3 2 2,
矍,,
犸,,
哓,,
酶,,
當,8 5,
庖,,
缢,,
俎,,
墉,,
鲫,,
藓,,
佰,,
痔,,
觥,,
闇,,
哞,,
旃,,
讓,,
伉,,
猷,,
怄,,
牯,,
茀,,
烜,,
锨,,
長,8,
豢,,
轱,,
泵,,
擀,,
蝌,,
绻,,
呔,,
绌,,
蓑,,
纥,,
釉,,
翳,,
殁,,
讫,,
濛,,
從,3 2 2 4,
蜇,,
砧,,
殄,,
萼,,
辔,,
覺,4 2 2 3 2 7,
诮,,
胰,,
蜍,,
浔,,
緂,,
钜,,
瘌,,
趿,,
瘀,,
鸪,,
霰,,
婥,,
赟,,
邊,6 5 5 3,
鹧,,
祇,,
诨,,
掼,,
僭,,
礽,,
動,2 4 1 2 2,1 2 0 3 4
弁,,
體,10 2 4 1 3 3,
湎,,
蹉,,
汨,,
栉,,
醍,,
磬,,
铂,,
蓼,,
泷,,
梏,,
祜,,
摺,,
鸩,,
虺,,
豌,,
嘬,,
疡,,
荞,,
杲,,
煨,,
蛔,,
涝,,
焖,,
祉,,
魍,,
锉,,
跎,,
桎,,
娠,,
诿,,
喆,,
瓯,,
偈,,
殚,,
镁,,
邳,,
胱,,
痂,,
刍,,
醐,,
糅,,
亞,1 7,
岿,,
愎,,
赝,,
笳,,
唁,,
禇,,
崂,,
齑,,
狎,,
踽,,
揆,,
鳍,,
钹,,
侩,,
帧,,
裾,,
椁,,
姮,,
唿,,
種,5 2 4 1 2,1 2 3 0 4
澍,,
崧,,
淩,,
衾,,
骈,,
仟,,
勖,,
咭,,
羸,,
谪,,
柁,,
窣,,
狲,,
槃,,
蛭,,
珲,,
痍,,
猢,,
俦,,
镫,,
戡,,
鼹,,
悌,,
嬅,,
濯,,
莅,,
懔,,
裡,5 7,
肊,,
誊,,
咩,,
見,7,
卻,2 2 3 2,
鳝,,
韪,,
噱,,
嫪,,
亓,,
铩,,
燏,,
硌,,
俚,,
椤,,
臉,,
脍,,
汞,,
淖,,
炘,,
姘,,
聩,,
泅,,
喑,,
绦,,
铡,,
桫,,
恽,,
薏,,
遒,,
痨,,
蚪,,
屙,,
佫,,
窸,,
蒺,,
蚡,,
觞,,
葺,,
煅,,
悱,,
茕,,
肜,,
沨,,
棫,,
靛,,
诓,,
拋,,
忝,,
箔,,
璠,,
芃,,
別,3 2 2,
珥,,
菅,,
嶷,,
酃,,
與,4 2 1 3 1 2,1 2 3 1 3 4
臬,,
岬,,
舢,,
肱,,
焙,,
逦,,
啖,,
冁,,
鸷,,
蜢,,
莠,,
級,,
茔,,
铨,,
槚,,
旻,,
胺,,
雲,8 2 2,
變,7 6 6 4,
堇,,
艽,,
湟,,
瑭,,
踅,,
芨,,
逶,,
嶂,,
幾,3 3 1 2 3,1 2 3 4 3
钾,,
跹,,
徭,,
鹌,,
狍,,
笞,,
埙,,
仵,,
缛,,
椽,,
暝,,
苕,,
酮,,
貉,,
婺,,
玠,,
囿,,
糨,,
铖,,
畹,,
帏,,
镝,,
缦,,
铣,,
轸,,
舂,,
將,4 4 3,
碘,,
黍,,
芫,,
馔,,
铢,,
碁,,
槿,,
赭,,
涪,,
塬,,
氯,,
倬,,
酡,,
實,3 2 2 7,
傣,,
颏,,
缱,,
媞,,
浜,,
暻,,
篾,,
鋆,,
柘,,
猕,,
桉,,
砒,,
邶,,
洌,,
衿,,
颛,,
蜮,,
骢,,
柒,,
呖,,
郅,,
饴,,
圩,,
茯,,
疱,,
圄,,
琚,,
橐,,
钿,,
枸,,
貅,,
蛎,,
嫱,,
爿,,
進,8 3,
辂,,
綦,,
唢,,
笤,,
旸,,
鼬,,
苜,,
窠,,
嗄,,
卅,,
茏,,
艄,,
苡,,
辚,,
囹,,
撷,,
伥,,
毐,,
疟,,
骓,,
筌,,
屐,,
猁,,
靈,8 3 3 3 2 2 2 1,1 2 3 4 5 6 7 5
傩,,
帶,4 1 1 2 3,1 2 1 3 4
疽,,
珙,,
貊,,
诟,,
鼐,,
剛,,
鬣,,
獭,,
嗞,,
獾,,
洮,,
邛,,
赅,,
黒,,
擤,,
稗,,
咴,,
楂,,
氮,,
竽,,
箓,,
勐,,
谔,,
碣,,
铧,,
逑,,
郾,,
铆,,
師,6 1 3,
褡,,
滁,,
陂,,
喁,,
矠,,
湫,,
蚺,,
钨,,
钲,,
綮,,
噹,,
蕲,,
遴,,
舛,,
荠,,
玕,,
稞,,
阄,,
荚,,
媪,,
鎏,,
笏,,
迡,,
悒,,
晷,,
郗,,
宥,,
戰,3 3 4 2 4,
豸,,
摈,,
儋,,
葶,,
瑸,,
愛,4 2 4 3,
凫,,
阡,,
蚨,,
猗,,
粕,,
纛,,
畲,,
睇,,
滿,3 3 1 3 2 2,
難,3 1 3 4 8,
洇,,
醮,,
裏,,
龍,,
癣,,
虢,,
葻,,
珐,,
酆,,
內,2 2,
诒,,
踯,,
颎,,
馏,,
莛,,
髭,,
龈,,
锒,,
楹,,
钯,,
贽,,
菖,,
灞,,
虻,,
苌,,
聽,6 4 2 5 1 4,
躅,,
牝,,
钎,,
珺,,
畦,,
欤,,
桁,,
腩,,
該,7 6,
吖,,
屍,,
蠹,,
眬,,
夢,,
張,3 8,
瓤,,
淝,,
鸶,,
亳,,
應,3 2 8 4,
楫,,
薨,,
祂,,
訇,,
镊,,
陟,,
炰,,
靜,,
镗,,
樗,,
苫,,
阆,,
莒,,
罅,,
稹,,
豕,,
涫,,
螟,,
骝,,
連,7 3,
蓿,,
祧,,
苎,,
擘,,
犴,,
玎,,
侉,,
仝,,
學,4 2 2 3 2 3,1 2 3 1 4 5
厝,,
馐,,
潍,,
邰,,
兕,,
赍,,
龅,,
黩,,
霂,,
胪,,
抟,,
诤,,
鬈,,
結,6 3 3,
烺,,
裝,,
莳,,
芪,,
毽,,
筇,,
猞,,
忺,,
砭,,
腱,,
澧,,
挈,,
怼,,
镞,,
貔,,
嬗,,
醴,,
搠,,
杷,,
薹,,
杌,,
並,,
風,2 1 6,
铬,,
讴,,
闼,,
拊,,
歃,,
機,4 3 3 1 2 3,1 2 3 4 5 4
輕,7 1 3 3,
蝮,,
沆,,
晞,,
飏,,
烷,,
箜,,
彀,,
雠,,
傳,2 8 3,
荩,,
揿,,
恂,,
燊,,
茴,,
癯,,
吔,,
國,2 1 3 1 3 1,1 2 3 4 2 1
備,2 4 1 5,
闿,,
衽,,
鲈,,
缟,,
紅,6 3,
昴,,
廪,,
圻,,
垓,,
奁,,
瘙,,
痫,,
黟,,
讦,,
矾,,
铰,,
氖,,
烯,,
葉,,
陉,,
耄,,
妯,,
強,3 2 6,
踟,,
菟,,
鲧,,
镛,,
镱,,
峄,,
竦,,
搦,,
吡,,
鳏,,
飨,,
猡,,
痼,,
讣,,
荭,,
龢,,
殺,,
馕,,
枰,,
鯶,,
黼,,
檫,,
氂,,
鄯,,
鲇,,
酽,,
垅,,
佤,,
歙,,
骘,,
妁,,
頫,,
處,6 3 2,
垩,,
蠃,,
锆,,
枇,,
鄞,,
乩,,
幂,,
遠,3 3 4 3,
場,3 4 1 2 2,
蟊,,
沭,,
綪,,
垭,,
鹳,,
萁,,
伧,,
苁,,
恚,,
盱,,
鼋,,
門,8,
钤,,
矬,,
帑,,
關,8 3 3 5,
車,7,
兒,6 2,
劍,,
離,4 2 2 2 8,
轉,7 8 3,
溦,,
侪,,
極,,
穑,,
脶,,
煸,,
娌,,
砀,,
陣,,
孳,,
吶,,
蚋,,
脔,,
缁,,
箬,,
颙,,
豔,,
樯,,
麂,,
糸,,
猱,,
跸,,
甑,,
榘,,
掮,,
岈,,
芾,,
龃,,
炆,,
涘,,
沔,,
趸,,
蹰,,
苣,,
冄,,
裢,,
萸,,
郧,,
捭,,
緊,,
嫇,,
謇,,
湉,,
笫,,
雖,3 6 8,
妣,,
枞,,
禟,,
疥,,
啁,,
氰,,
蒹,,
驚,,
檑,,
誰,,
莴,,
禳,,
缌,,
鹬,,
夤,,
婄,,
勣,,
玢,,
镏,,
終,6 3 2,
狯,,
馬,10,
傢,,
焐,,
縻,,
屃,,
魆,,
莜,,
鲑,,
腭,,
淦,,
洹,,
砦,,
荇,,
鲠,,
蚝,,
榉,,
楝,,
艨,,
楸,,
睃,,
鹈,,
棹,,
昇,,
瀣,,
龉,,
鬻,,
東,1 4 3,1 2 1
庥,,
骐,,
囗,,
筢,,
柝,,
靺,,
堀,,
膂,,
磔,,
柞,,
谘,,
鞨,,
泔,,
锰,,
協,,
聃,,
徂,,
堞,,
蟥,,
羕,,
墀,,
薅,,
怿,,
窳,,
呎,,
嵯,,
艟,,
蛳,,
彘,,
迨,,
犰,,
荜,,
跶,,
橛,,
篦,,
焯,,
儁,,
趺,,
倥,,
鸹,,
椋,,
瞇,,
崃,,
芡,,
芩,,
旒,,
記,7 3,
請,,
耧,,
蝺,,
庠,,
狴,,
钴,,
侂,,
眾,5 2 2 2,
镕,,
樾,,
穰,,
欸,,
螯,,
眙,,
耒,,
菈,,
罴,,
隨,,
肄,,
怛,,
缃,,
哏,,
逄,,
岙,,
沤,,
荨,,
珰,,
娈,,
圉,,
叻,,
訢,,
耋,,
鸮,,
邴,,
雙,,
擊,,
毂,,
铱,,
傷,2 2 4 1 2 2,
俳,,
艏,,
喈,,
類,6 4 2 7,
蓠,,
薮,,
峤,,
貘,,
珮,,
崤,,
笄,,
蹁,,
蕤,,
缗,,
條,2 1 4 4,
璁,,
渑,,
秫,,
掾,,
吋,,
祆,,
豉,,
醪,,
郿,,
搧,,
庑,,
茛,,
莼,,
筮,,
挹,,
媸,,
阒,,
怫,,
鲔,,
許,7 2 2,
姰,,
雱,,
認,7 2 1 4,
疣,,
镍,,
團,2 8 3 1,1 2 3 1
褫,,
锛,,
潾,,
轳,,
鲵,,
萬,4 9,
錯,,
熵,,
馑,,
謝,,
眇,,
瘆,,
電,8 5,
轺,,
續,6 3 5 7,
塄,,
涞,,
纔,,
杼,,
讬,,
沖,,
崮,,
岘,,
纮,,
诂,,
镢,,
玦,,
鲶,,
氟,,
鲮,,
蔌,,
鐵,,
椹,,
僜,,
洄,,
栊,,
孢,,
郏,,
沴,,
郴,,
侑,,
詈,,
獬,,
澶,,
興,4 2 1 3 3 1 2,1 2 3 4 1 5 6
箧,,
語,7 1 3 3,
嗐,,
鳃,,
朮,,
線,6 5 4,
矸,,
讵,,
枋,,
璺,,
幫,,
鞣,,
澌,,
啭,,
黻,,
蜉,,
鳥,,
耦,,
樘,,
虛,,
跖,,
蛉,,
箪,,
璈,,
逋,,
歡,4 3 3 8 4,
扦,,
跩,,
孃,,
愆,,
鳟,,
泚,,
藿,,
浠,,
痱,,
憷,,
隊,,
殳,,
葚,,
纡,,
翮,,
錢,,
喦,,
戋,,
黧,,
鲽,,
絕,,
诔,,
矇,,
曷,,
毖,,
髋,,
題,4 1 4 2 7,
狳,,
藍,,
坻,,
哚,,
槎,,
铙,,
乂,,
蜊,,
袆,,
嫘,,
漯,,
骟,,
捌,,
瓘,,
椴,,
蹚,,
牖,,
阋,,
墒,,
溘,,
阇,,
愍,,
龋,,
篁,,
刈,,
蠲,,
樂,5 3 3 4,
谝,,
悭,,
郞,,
總,6 3 3 1 4,1 2 3 2 4
畠,,
撄,,
瓠,,
鬲,,
棰,,
麸,,
圪,,
洺,,
嬛,,
錾,,
笮,,
轾,,
杓,,
砷,,
衛,,
锱,,
餍,,
疴,,
剀,,
辦,7 2 7,
寤,,
糍,,
瞽,,
芎,,
尻,,
缡,,
捩,,
蹼,,
鳕,,
陸,2 3 2 3,
裰,,
窨,,
偬,,
唸,,
茑,,
榫,,
幛,,
峁,,
蓊,,
鏊,,
秭,,
屄,,
瘢,,
茼,,
鲅,,
汊,,
茝,,
郜,,
芰,,
旄,,
殍,,
樨,,
碇,,
涑,,
摭,,
钡,,
蓍,,
炔,,
蟮,,
萘,,
垆,,
凼,,
岢,,
飧,,
俣,,
碓,,
刿,,
數,2 1 1 3 1 3 4,1 2 1 3 2 4 5
龁,,
孓,,
谰,,
蕖,,
痧,,
暍,,
霈,,
唵,,
訴,,
叆,,
钚,,
槲,,
嫚,,
腦,4 3 3 2 1,1 2 3 4 3 
聖,6 3 4,
異,5 4 2,
铗,,
亂,,
绐,,
痈,,
媗,,
狷,,
埚,,
酢,,
阍,,
漸,,
梼,,
層,,
螫,,
欹,,
準,3 8 2,
傈,,
榊,,
壅,,
赀,,
渌,,
怙,,
紒,,
傒,,
癔,,
莪,,
冴,,
嚇,,
吽,,
視,4 7,
潆,,
腳,,
檩,,
镠,,
逯,,
浞,,
熱,3 2 3 2 1 4,
痤,,
蔸,,
嘚,,
親,5 4 7,
翥,,
毬,,
菽,,
鸱,,
戲,,
昉,,
盍,,
茭,,
黥,,
酰,,
圍,,
赉,,
珽,,
藥,,
霪,,
菏,,
淰,,
禵,,
夠,,
柟,,
诹,,
苴,,
園,2 3 3 4 1,1 2 3 4 1
溿,,
滅,,
粳,,
復,3 2 4 3,
蹓,,
樹,4 3 3 3 3,
欷,,
糌,,
亶,,
惡,,
義,6 1 1 2 3,1 2 0 3 4
趵,,
舸,,
護,,
蛩,,
枥,,
決,3 2 2,
蘼,,
娰,,
蕈,,
搖,,
襦,,
膈,,
芏,,
畈,,
笊,,
艉,,
燠,,
阊,,
厣,,
鸬,,
傧,,
攮,,
艿,,
酚,,
璘,,
塍,,
叇,,
椟,,
厶,,
菰,,
氦,,
笸,,
疸,,
镪,,
禤,,
圮,,
佈,,
幪,,
醛,,
篌,,
髡,,
砲,,
謦,,
谖,,
徼,,
醯,,
豽,,
枳,,
則,7 2,
裣,,
懷,,
蓖,,
髫,,
酯,,
較,,
暾,,
訾,,
勢,,
趕,,
確,,
繼,,
碛,,
镒,,
缳,,
斷,3 3 1 3 3 1 4,
孥,,
硖,,
溧,,
柢,,
镬,,
糁,,
皴,,
虼,,
卺,,
軍,2 7,
箝,,
鋈,,
帙,,
鍪,,
锞,,
祩,,
蘧,,
丌,,
樓,,
簟,,
觀,4 3 3 8 7,
鞫,,
倆,,
泮,,
溱,,
眭,,
昳,,
寶,,
棽,,
坩,,
窫,,
鄄,,
隱,,
嬖,,
旉,,
砻,,
郯,,
隰,,
報,3 3 2 2 2,
劻,,
衹,,
熜,,
單,3 3 4 2,
廋,,
祼,,
薙,,
約,,
筚,,
爾,,
朐,,
尋,,
厓,,
墼,,
跬,,
愀,,
識,7 4 1 4 3,1 2 0 3 4
嘡,,
醚,,
毀,,
幹,,
鳜,,
萑,,
缍,,
恆,,
蚧,,
遄,,
達,3 6 3,
戆,,
姽,,
麇,,
柰,,
竑,,
趱,,
琤,,
黃,3 2 5 2,
湣,,
鲂,,
壞,,
螅,,
細,6 5,
垸,,
禔,,
試,7 1 3 2,1 2 3 2
爔,,
態,2 4 2 2 4,
埸,,
玭,,
煇,,
裎,,
務,4 1 3 2,
槠,,
儇,,
卮,,
顯,,
肽,,
淚,,
靚,,
绀,,
顸,,
盉,,
筲,,
菸,,
媵,,
崁,,
倮,,
弐,,
岜,,
澣,,
谵,,
褊,,
創,2 1 3 1 3 2,
鲟,,
瘐,,
帻,,
簋,,
梃,,
缵,,
陽,2 4 1 2 2,
礅,,
屣,,
缶,,
墡,,
亍,,
鹚,,
甪,,
矟,,
煙,,
缒,,
塊,,
刖,,
炻,,
鹡,,
澂,,
卬,,
絲,,
瞋,,
焗,,
荽,,
磴,,
砬,,
锶,,
鼍,,
瘿,,
閒,,
跣,,
迓,,
閃,,
練,,
疖,,
況,,
炝,,
鐘,,
啉,,
硒,,
擁,,
貓,,
汔,,
驺,,
蛄,,
伛,,
燹,,
绂,,
鞯,,
髀,,
缫,,
禦,,
翀,,
跗,,
羖,,
濬,,
銎,,
凇,,
羏,,
銀,,
綠,,
襌,,
鏦,,
調,7 2 3 3,
唎,,
寫,3 6 2 4,
爲,4 8,
殂,,
嗉,,
铘,,
鞮,,
盡,,
眀,,
饫,,
鼙,,
辏,,
檗,,
悛,,
璩,,
純,,
沚,,
彟,,
褙,,
殘,,
煳,,
笕,,
鲥,,
劢,,
淒,,
嵊,,
锍,,
尥,,
饧,,
隻,,
轫,,
抺,,
佾,,
鲩,,
鸰,,
書,3 3 4,
谳,,
棼,,
苷,,
觚,,
佺,,
嫈,,
熘,,
媽,3 10,
萏,,
羝,,
鹕,,
睏,,
觜,,
剡,,
爭,4 3 1,
響,2 1 1 3 2 2 5 4,
溫,,
譞,,
蘖,,
満,,
喾,,
號,,
椐,,
鍊,,
狝,,
曩,,
麴,,
瑷,,
誗,,
砗,,
髁,,
領,,
蚍,,
阃,,
怱,,
溲,,
狺,,
匏,,
桡,,
耨,,
鲢,,
鋹,,
煖,,
豳,,
傑,,
燒,,
愦,,
蝾,,
疋,,
猓,,
缑,,
舨,,
蹾,,
榧,,
搴,,
洫,,
蚜,,
員,3 7,
荸,,
磙,,
釐,,
坜,,
粜,,
螈,,
摀,,
绨,,
踫,,
轭,,
庋,,
抔,,
珃,,
詝,,
計,7 2,
皲,,
魚,,
胝,,
蕗,,
铍,,
麈,,
滹,,
犼,,
邗,,
跏,,
锔,,
蝣,,
論,7 2 1 5,
習,,
鲋,,
誄,,
寔,,
網,,
柙,,
勰,,
疝,,
硼,,
獍,,
浤,,
鸫,,
罘,,
鹾,,
笥,,
葸,,
痋,,
掛,,
潲,,
扃,,
皤,,
賣,,
憶,,
溏,,
險,,
燝,,
旰,,
鲱,,
偾,,
溽,,
伲,,
揎,,
剞,,
禮,,
秾,,
晳,,
锗,,
寘,,
狀,,
屬,,
漭,,
痦,,
華,4 5 2,
悝,,
桿,,
樛,,
袢,,
礻,,
鳎,,
嘆,,
願,,
昝,,
嘏,,
滏,,
釋,,
咹,,
薩,,
廨,,
觳,,
璔,,
綝,,
戢,,
桷,,
舻,,
黙,,
彖,,
郛,,
羅,,
袛,,
裉,,
買,,
蓐,,
脘,,
疠,,
艋,,
嬲,,
锜,,
綎,,
業,5 6 2,
獨,,
郇,,
粝,,
歷,2 5 5 4,
參,2 2 2 2 3,
蠱,,
厲,,
鹩,,
耜,,
坼,,
埕,,
髮,,
迴,,
鹪,,
栌,,
紓,,
陰,,
嫠,,
洳,,
蠓,,
砩,,
瘊,,
尜,,
宄,,
筥,,
埒,,
墁,,
廝,,
铊,,
愔,,
講,,
锂,,
脫,,
颟,,
劬,,
蹀,,
剋,,
蔟,,
濞,,
飯,,
飄,,
曈,,
醫,2 5 4 7,
誘,,
谮,,
係,,
唣,,
蠖,,
祕,,
鲎,,
悃,,
畀,,
紛,,
裒,,
咥,,
磾,,
訞,,
郫,,
淯,,
蚬,,
伕,,
煩,,
锝,,
镲,,
邡,,
奭,,
嗍,,
臜,,
讚,,
阈,,
組,,
赜,,
怍,,
螨,,
蟲,6 6 6,
頂,,
爌,,
歲,4 2 1 3 3,1 2 3 4 2
鳐,,
鄣,,
嚐,,
敵,,
陔,,
歔,,
遊,4 2 3 3,
狁,,
拶,,
矽,,
觯,,
擺,,
汆,,
鹣,,
呣,,
绹,,
託,,
卍,,
卐,,
涬,,
湜,,
勝,,
颡,,
磲,,
钼,,
袴,,
肏,,
呒,,
顧,,
換,,
齮,,
皞,,
眄,,
畋,,
劁,,
慊,,
肫,,
冇,,
彈,,
蝰,,
棗,,
搛,,
貴,,
夾,,
崦,,
幷,,
陳,2 1 4 3,1 2 3 2
瘋,,
冏,,
酹,,
雮,,
順,3 2 7,
塚,,
慘,,
髒,,
術,3 4 1 3,
胼,,
簏,,
皝,,
脩,,
稱,,
瘳,,
锑,,
蝓,,
壓,,
暌,,
舁,,
佔,,
芗,,
尢,,
诜,,
選,3 3 4 2 3,
瞾,,
蟻,,
墬,,
尙,,
瑨,,
菔,,
犨,,
焓,,
琍,,
蒌,,
旆,,
愬,,
胙,,
癒,,
浈,,
畢,,
靸,,
癡,,
觇,,
缣,,
簡,,
颞,,
唦,,
碡,,
丟,,
埽,,
楙,,
谠,,
擔,,
補,,
聯,6 3 3 5,
衝,,
栲,,
牆,,
統,6 2 2 2,
倖,,
鞬,,
鑛,,
猲,,
袼,,
芟,,
僳,,
鲷,,
俶,,
踔,,
產,4 2 5,
磻,,
槭,,
討,,
呡,,
鲞,,
蚴,,
紙,,
蒉,,
囟,,
檠,,
哢,,
佧,,
桴,,
邠,,
飑,,
燔,,
費,3 2 7,
騙,,
狨,,
觫,,
疃,,
鲊,,
伷,,
溴,,
唑,,
骔,,
栘,,
賓,,
琇,,
誴,,
俵,,
幞,,
苊,,
騔,,
獚,,
溷,,
囉,,
鲆,,
掊,,
玡,,
舉,4 2 1 3 1 2 3,1 2 3 1 3 4 5
鮮,,
癜,,
榇,,
骖,,
畚,,
塵,,
堠,,
泖,,
浼,,
硗,,
質,4 4 7,
隹,,
哿,,
睺,,
僦,,
帥,,
瑠,,
隈,,
釭,,
硷,,
劉,,
盤,,
馓,,
沢,,
碚,,
罱,,
怃,,
戀,,
嵫,,
熦,,
隳,,
奮,,
側,,
捽,,
僴,,
凊,,
揮,,
鐇,,
篼,,
偙,,
採,,
呑,,
設,7 4,
區,1 3 3 3 1,1 2 3 4 1
篥,,
垴,,
辊,,
垕,,
彳,,
揲,,
觌,,
虮,,
诎,,
绱,,
醢,,
蟗,,
埘,,
陬,,
艹,,
昺,,
祓,,
锩,,
蠼,,
弒,,
菘,,
養,6 9,
圯,,
羑,,
啫,,
翚,,
糺,,
倧,,
櫻,,
負,,
赑,,
锕,,
戥,,
蚶,,
佷,,
課,7 4 4,
侔,,
談,,
砼,,
檛,,
豬,,
絷,,
偉,,
靘,,
鏡,,
呙,,
藁,,
鳳,,
镡,,
擋,,
崐,,
牾,,
丅,,
硃,,
昃,,
杪,,
遹,,
籴,,
瞢,,
釆,,
佴,,
弻,,
堅,,
節,6 3 2 2,
鬏,,
缧,,
耪,,
訝,,
揠,,
搥,,
橼,,
雜,,
淏,,
騎,,
畫,3 3 5 1,
狃,,
诼,,
須,,
萩,,
敗,,
蛶,,
伋,,
蓋,4 5 5,
爨,,
詩,,
蕞,,
鹆,,
雩,,
議,7 6 1 1 2 3,1 2 3 0 4 5
楯,,
畎,,
嗌,,
嘌,,
輪,,
驩,,
頓,,
蛴,,
顫,,
盪,,
殭,,
皊,,
脬,,
鍼,,
缬,,
萊,,
羼,,
漶,,
叡,,
賞,,
圖,,
奼,,
哕,,
荛,,
適,,
谇,,
驗,,
嚴,,
丏,,
鑽,,
狔,,
廣,3 3 2 5 2,
罵,,
埳,,
廛,,
氚,,
袷,,
懼,,
焌,,
甍,,
黾,,
烃,,
蒽,,
濃,,
緣,,
躞,,
嗾,,
襻,,
铓,,
魽,,
鵰,,
鬯,,
铵,,
錱,,
責,,
氽,,
説,7 2 3 2,
涼,,
據,,
價,2 6 7,
垍,,
環,4 5 1 3 4,
遘,,
柽,,
镉,,
岵,,
诖,,
绲,,
麍,,
蹤,,
媺,,
豨,,
逭,,
钣,,
骯,,
徳,,
栱,,
漢,3 3 1 3 4,
觖,,
莰,,
崑,,
徹,,
潔,,
禊,,
圬,,
茍,,
疔,,
茌,,
虿,,
刳,,
蝤,,
預,,
嗻,,
睜,,
堃,,
圓,,
玹,,
铯,,
嫽,,
慄,,
豇,,
匦,,
呋,,
葑,,
蒼,4 2 1 3 1 3,
秕,,
槍,,
垧,,
洧,,
顏,,
資,2 4 7,
亻,,
婑,,
贇,,
吣,,
蠪,,
緾,,
劃,,
緩,,
跡,,
桕,,
钪,,
倐,,
浯,,
窬,,
紜,,
埴,,
彊,,
眚,,
歐,,
崞,,
橫,,
甙,,
惝,,
颃,,
觔,,
蛞,,
憐,,
臨,,
昽,,
牤,,
薷,,
瑧,,
邧,,
獄,3 7 4,
蚵,,
嫋,,
貏,,
镆,,
茺,,
蕻,,
闶,,
爛,4 8 1 2 2 1 3,1 2 3 4 5 4 3
騄,,
瑢,,
嫜,,
蒗,,
蚰,,
厊,,
骍,,
嗙,,
郕,,
囝,,
撫,,
紞,,
礡,,
罷,,
呿,,
敉,,
焜,,
圹,,
褲,,
階,,
巉,,
鳔,,
標,4 6 5,
骶,,
鎗,,
轵,,
畛,,
霑,,
黹,,
枹,,
幣,,
徬,,
簦,,
鲀,,
荘,,
跦,,
貐,,
揚,3 4 1 2 2,
啍,,
瞀,,
湔,,
燈,,
晡,,
砉,,
聞,,
扌,,
歸,,
龀,,
镚,,
閉,,
甡,,
甾,,
溆,,
猃,,
芄,,
仳,,
鞔,,
島,,
觸,,
篪,,
髂,,
潴,,
硪,,
枱,,
權,4 4 3 3 8,
髙,,
锘,,
啯,,
髑,,
钭,,
碖,,
胗,,
猰,,
維,,
弢,,
屺,,
蘋,,
肶,,
紀,6 3,
瘘,,
裥,,
湊,,
宮,,
垱,,
邨,,
郐,,
伾,,
專,8 3,
紮,,
枵,,
賽,3 5 2 7,
衖,,
沬,,
劵,,
翃,,
鲼,,
笪,,
腧,,
崾,,
绁,,
沩,,
龆,,
鲭,,
羟,,
甯,,
镙,,
翙,,
髌,,
溻,,
舳,,
晢,,
罾,,
湧,,
邏,,
紡,,
蛏,,
悫,,
氵,,
遙,,
餵,,
優,2 2 4 2 4 3,
莊,,
蜱,,
氆,,
曉,,
笭,,
稜,,
忉,,
勁,,
紘,,
岡,,
樑,,
敫,,
舯,,
爺,,
鬆,,
猸,,
爝,,
孒,,
蛱,,
蹟,,
褔,,
钒,,
竐,,
锸,,
笾,,
廢,,
罟,,
邽,,
铫,,
巖,,
踬,,
楦,,
籼,,
濉,,
曛,,
锳,,
貼,,
絜,,
芘,,
鬥,,
岀,,
埝,,
绋,,
箅,,
茆,,
沄,,
厭,,
俠,,
钍,,
谂,,
炱,,
硭,,
顆,,
檞,,
際,2 6 5,
舡,,
鹁,,
聱,,
鬧,,
搶,,
菹,,
趑,,
駐,,
矅,,
楊,,
饩,,
霧,,
鎌,,
褰,3 5 2 2 4,
栝,,
纩,,
轟,,
烆,,
唪,,
馇,,
蘭,,
撲,,
玙,,
円,,
緒,,
謂,7 5 4,
昰,,
軟,,
屦,,
莨,,
掎,,
滾,,
詭,,
鲳,,
鳊,,
螽,,
揺,,
羨,,
濕,,
埤,,
尨,,
喚,,
規,,
莩,,
膚,,
棻,,
丨,,
潽,,
莸,,
瘗,,
蜩,,
靦,,
畑,,
醅,,
钅,,
齁,,
偑,,
昪,,
棄,,
廌,,
鈺,,
髹,,
硎,,
郄,,
庹,,
枘,,
郤,,
憑,,
梿,,
鞲,,
啶,,
導,3 6 3 3,
埭,,
癍,,
傉,,
寧,,
冑,,
燄,,
庀,,
暲,,
毪,,
熳,,
蓮,,
袓,,
淨,,
載,2 1 7 3,1 2 3 2
卣,,
顒,,
悽,,
湓,,
洎,,
赙,,
氘,,
淿,,
鮨,,
糵,,
歎,,
紝,,
牽,,
襲,,
忞,,
浍,,
茈,,
辌,,
栳,,
煉,,
阌,,
搌,,
擇,,
顔,,
姁,,
骒,,
旡,,
笱,,
豐,,
絺,,
廳,,
織,,
揸,,
災,,
猶,3 2 7,
纏,,
籐,,
跽,,
埵,,
摽,,
菉,,
墜,,
弇,,
渫,,
證,,
堺,,
婦,,
犇,,
撐,,
劼,,
佉,,
邾,,
婼,,
鬍,,
蘫,,
槅,,
檒,,
僰,,
蹻,,
撙,,
堙,,
觋,,
縮,,
紗,,
庫,,
汧,,
慮,,
氇,,
噍,,
擐,,
膽,,
蜎,,
喲,,
蘡,,
燚,,
颥,,
鲦,,
赸,,
寬,,
謎,,
緋,,
鴷,,
測,,
複,,
挢,,
佇,,
揑,,
烝,,
誤,,
紋,,
喬,,
悰,,
桄,,
凅,,
疳,,
沲,,
刂,,
譔,,
繞,,
碕,,
嚭,,
劇,,
瑊,,
燰,,
烔,,
慝,,
灑,,
兟,,
慓,,
凱,,
鞒,,
窭,,
髊,,
踣,,
瀰,,
矧,,
執,,
瀹,,
韋,,
獯,,
臁,,
紟,,
薑,,
襞,,
遺,,
蛘,,
臥,,
觍,,
嗪,,
钋,,
苤,,
拏,,
眛,,
紤,,
唛,,
偳,,
刭,,
榱,,
扽,,
蒇,,
艴,,
穀,,
僅,,
損,,
紥,,
澐,,
玗,,
氩,,
勗,,
揾,,
廆,,
钕,,
毹,,
雞,,
攉,,
暠,,
岎,,
遞,,
黪,,
綨,,
菑,,
窅,,
昖,,
骀,,
玘,,
垡,,
缂,,
璝,,
慣,,
闆,,
紣,,
鬷,,
禎,,
嫄,,
飖,,
瑎,,
肟,,
霨,,
乇,,
怾,,
坰,,
鳇,,
锇,,
詧,,
籀,6 3 5 5,
仡,,
瘰,,
蜣,,
哌,,
囂,,
鷺,,
雋,,
韂,,
財,,
錄,,
辻,,
砟,,
牂,,
慾,,
憂,,
傭,,
薤,,
痩,,
榮,,
鐮,,
髠,,
噁,,
讀,7 3 5 7,
蕩,,
嘗,,
蠛,,
惣,,
嵛,,
詠,,
曐,,
誷,,
孫,3 1 6,
鄉,,
瞞,,
捲,,
僬,,
搿,,
墮,,
寀,,
瓿,,
暫,,
頵,,
劓,,
峣,,
煺,,
倓,,
滠,,
锓,,
鋪,,
蛲,,
崙,,
壸,,
礦,,
愰,,
槔,,
垌,,
瘛,,
忭,,
紦,,
龠,,
鬚,,
辋,,
騰,,
洤,,
袪,,
俜,,
陴,,
蟛,,
嘧,,
獴,,
鏐,,
咵,,
凈,,
唄,,
龐,,
擾,,
詟,,
儀,,
猇,,
汍,,
堋,,
蓂,,
蝥,,
稆,,
轹,,
腠,,
襕,,
殪,,
兇,,
蝟,,
浽,,
镘,,
柃,,
燿,,
黉,,
詞,,
筆,,
鞴,,
齕,,
氾,,
咈,,
娡,,
酾,,
掙,,
躍,,
贠,,
餘,,
罃,,
垚,,
穩,,
職,,
騦,,
唼,,
胍,,
篍,,
捯,,
旛,,
巿,,
蒡,,
骱,,
杩,,
恧,,
跫,,
噴,,
壯,,
忮,,
瓖,,
輸,7 2 1 4 2,
滲,,
氍,,
鰸,,
凵,,
檔,,
跘,,
鄠,,
烀,,
胲,,
硐,,
輩,,
遲,,
碼,,
灣,3 7 6 6 3,
哳,,
箢,,
踰,,
嘢,,
痖,,
罞,,
瘮,,
伱,,
岺,,
芤,,
攧,,
苾,,
饔,,
諲,,
嘯,,
橦,,
紹,,
枬,,
鲡,,
檎,,
齊,2 2 1 2 3 2 2,
纻,,
營,4 4 2 3 3 ,
顗,,
砑,,
蠍,,
嚥,,
蚑,,
囧,,
峧,,
狤,,
戽,,
枊,,
寢,,
針,,
晹,,
洨,,
翛,,
穸,,
瑱,,
饣,,
苘,,
盜,,
鳴,,
唻,,
钬,,
氡,,
甏,,
漎,,
廁,,
墚,,
谞,,
瘼,,
桤,,
毵,,
獸,,
諸,7 4 4,
糈,,
镟,,
頉,,
毎,,
麵,,
軀,,
鹨,,
嚄,,
凜,,
尷,,
觏,,
媩,,
骺,,
枧,,
俫,,
丒,,
瑯,,
髎,,
苶,,
曌,,
铦,,
睱,,
傾,,
肷,,
帯,,
喨,,
嶲,,
岣,,
峎,,
楱,,
酲,,
麿,,
蕬,,
挻,,
辒,,
積,,
憤,,
扞,,
柺,,
懲,,
酎,,
帳,,
湲,,
煐,,
黡,,
熺,,
塼,,
裼,,
葇,,
農,,
笢,,
蛑,,
鑑,,
鲣,,
戶,,
铒,,
餓,,
啟,,
鈴,,
埜,,
潵,,
痲,,
酐,,
坫,,
毳,,
額,,
靣,,
躜,,
贏,,
閻,,
钘,,
伹,,
紕,,
胂,,
贶,,
滉,,
铪,,
夬,2 2,
蕡,,
匚,,
獎,,
烋,,
犭,,
渖,,
肅,,
孖,,
訚,,
妘,,
舴,,
擗,,
玱,,
舺,,
諾,,
趼,,
勔,,
鎚,,
構,,
嵴,,
袝,,
摛,,
锊,,
泺,,
悶,,
鹇,,
粢,,
晊,,
碹,,
璿,,
慉,,
獻,,
掃,,
涠,,
螣,,
橋,,
簽,,
肭,,
疬,,
繃,,
銳,,
吲,,
靿,,
珧,,
篂,,
躧,,
锼,,
脈,,
翹,,
苈,,
嘅,,
劂,,
蟪,,
咁,,
眵,,
坭,,
賺,,
斬,,
縡,,
項,,
骕,,
嬸,,
緜,,
钌,,
簾,,
饹,,
籃,,
锾,,
嶝,,
脞,,
撥,,
躐,,
鄹,,
畤,,
鎖,,
鹴,,
厍,,
陧,,
嵝,,
鄜,,
諒,,
茳,,
編,,
賭,,
瓞,,
碲,,
镈,,
儘,,
牻,,
阼,,
縱,,
製,,
訓,7 3,
铽,,
螗,,
甦,,
踡,,
熲,,
輝,,
館,,
鸸,,
燉,,
砘,,
跐,,
綁,,
砹,,
飲,,
潄,,
塽,,
芴,,
茲,,
澤,,
盩,,
丶,,
捨,,
摅,,
貨,,
迺,,
歛,,
嫏,,
碦,,
廑,,
姤,,
沷,,
埯,,
堳,,
彎,,
誦,,
鞗,,
酴,,
堍,,
姪,,
惱,,
舾,,
舄,,
暈,,
崒,,
鬿,,
琯,,
硇,,
扢,,
燘,,
襬,,
叢,,
憞,,
苄,,
賤,,
嬌,,
舊,,
醵,,
掯,,
湯,,
筯,,
皺,,
紖,,
奓,,
浥,,
兗,,
筅,,
鼗,,
駛,,
懶,,
虧,,
夼,,
缋,,
晧,,
腘,,
榖,,
艚,,
爐,,
圊,,
烏,,
蔘,,
鮻,,
違,,
拃,,
迕,,
祄,,
衪,,
臟,,
儍,,
剉,,
拤,,
俛,,
矻,,
鍵,,
鲚,,
擠,,
饸,,
砜,,
胨,,
淠,,
阘,,
蒨,,
朊,,
喪,,
鹓,,
兲,,
甕,,
釿,,
撚,,
棲,,
倉,,
貎,,
杮,,
钸,,
菪,,
兊,,
輛,,
禍,,
哜,,
勞,,
斲,,
暸,,
箦,,
谿,,
飾,,
惓,,
骎,,
埼,,
豾,,
彌,,
橥,,
盧,,
蠊,,
奌,,
筘,,
鐾,,
滗,,
扠,,
躔,,
凍,,
罣,,
丷,,
喛,,
腈,,
獞,,
浬,,
琝,,
犏,,
亊,,
絶,,
漥,,
暐,,
爚,,
仉,,
詛,,
镧,,
圏,,
琎,,
馘,,
鞞,,
辶,,
溝,,
毌,,
駕,,
癋,,
奧,,
蕺,,
濟,3 2 2 1 2 3 2 2,
縠,,
莶,,
巻,,
骦,,
罈,,
觽,,
扆,,
瀟,,
姎,,
贊,,
飐,,
齉,,
旂,,
坶,,
瘥,,
糇,,
髟,,
獵,,
籓,,
鋒,,
绠,,
獲,,
頸,,
徑,,
垲,,
綑,,
洩,,
挼,,
臺,3 3 2 6,
踼,,
頹,,
潛,,
忄,,
欻,,
堉,,
玧,,
佢,,
褟,,
暼,,
坌,,
梱,,
滘,,
礓,,
監,,
廻,,
钫,,
蹯,,
暢,,
侶,,
潤,,
罠,,
裵,,
鸲,,
嫰,,
悅,,
璛,,
羰,,
缷,,
趐,,
両,,
蹽,,
肀,,
臘,,
辭,,
轘,,
揞,,
铋,,
閟,,
昻,,
岽,,
厾,,
奪,,
縫,,
閤,,
桖,,
酞,,
濤,,
梶,,
鼯,,
啣,,
廂,,
蚃,,
厔,,
勳,,
簷,,
垟,,
藝,4 3 2 3 2 1 2 2,
齋,,
縳,,
塙,,
陞,,
廙,,
剠,,
槨,,
倿,,
恥,,
傺,,
飺,,
垞,,
昐,,
澉,,
淓,,
繫,,
匊,,
潰,,
胬,,
衄,,
锫,,
禥,,
肼,,
榍,,
窮,,
葰,,
炧,,
窀,,
鹯,,
誌,,
鑄,,
鹛,,
鹋,,
棁,,
螞,,
咶,,
圝,,
珵,,
闖,,
聰,,
枨,,
楶,,
赆,,
躹,,
櫆,,
燜,,
鍾,,
瓚,,
鷹,,
罨,,
讠,,
葙,,
蕹,,
晩,,
砮,,
璆,,
礌,,
騩,,
鎯,,
鲃,,
轒,,
葢,,
窆,,
粿,,
桊,,
捃,,
欗,,
蒴,,
蟟,,
倫,,
棆,,
濆,,
恓,,
睒,,
跞,,
俬,,
锬,,
篠,,
媭,,
訊,,
渰,,
鲻,,
療,,
罰,,
欄,,
劒,,
锿,,
轪,,
蜾,,
餜,,
恝,,
樫,,
酤,,
蟭,,
鎧,,
蟜,,
銙,,
賴,,
蒟,,
誡,,
钷,,
丬,,
懸,,
閑,,
鷫,,
祏,,
璱,,
巯,,
皘,,
眢,,
懞,,
厐,,
闊,,
謹,,
罽,,
锪,,
熇,,
訸,,
绗,,
牴,,
蠻,,
虓,,
傘,,
掭,,
鉵,,
偓,,
懗,,
滍,,
噀,,
缊,,
驵,,
阯,,
稙,,
蛸,,
獅,,
糢,,
冱,,
廟,,
歩,,
憝,,
糼,,
貫,,
饳,,
韁,,
覚,,
鹍,,
勵,,
浰,,
羧,,
崚,,
鄤,,
齧,,
杻,,
実,,
聳,,
註,,
钽,,
詳,,
瑆,,
蔭,,
柊,,
瀬,,
糧,,
掹,,
眍,,
瘅,,
撿,,
礙,,
庳,,
萆,,
讇,,
倅,,
蔵,,
铞,,
芣,,
馉,,
鳸,,
衁,,
飢,,
爇,,
眽,,
蕅,,
甓,,
棨,,
縴,,
锖,,
繻,,
汭,,
蓥,,
憟,,
貪,,
璮,,
祹,,
趯,,
捥,,
噏,,
緻,,
芼,,
綿,,
搋,,
纍,,
歺,,
瘭,,
嶒,,
姖,,
瑒,,
帱,,
醜,,
腄,,
阽,,
刬,,
渄,,
阝,,
嘠,,
鹱,,
渾,,
鲒,,
挶,,
罝,,
墳,,
膩,,
劙,,
嚕,,
魯,,
荬,,
眊,,
蝻,,
脅,,
勸,,
鎙,,
箨,,
汙,,
晅,,
蠅,,
尅,,
泐,,
瘵,,
峇,,
兌,,
浐,,
蚇,,
賜,,
扥,,
癲,,
垤,,
衎,,
峯,,
祔,,
悺,,
櫃,,
矦,,
寯,,
洑,,
絪,,
騷,,
騊,,
蓰,,
妶,,
挾,,
訏,,
曵,,
臢,,
嬰,,
運,2 7 3,
迮,,
晣,,
鎮,,
苧,,
钔,,
朅,,
嬝,,
罍,,
禘,,
揹,,
逬,,
痺,,
廍,,
偲,,
瞝,,
垯,,
冊,,
訶,,
鹖,,
靬,,
谫,,
檢,,
倞,,
胩,,
窺,,
鳼,,
暪,,
椠,,
碃,,
驅,,
諡,,
纟,,
嗢,,
夂,,
窩,,
嗚,,
卨,,
衒,,
簃,,
瑩,,
炤,,
瑪,,
嚜,,
踺,,
齡,,
鵝,,
跼,,
雸,,
犮,,
飽,,
耖,,
鶉,,
溚,,
誧,,
羮,,
潅,,
賀,,
凥,,
穫,,
唊,,
濺,,
峠,,
絃,,
殼,,
豎,,
脽,,
挓,,
洐,,
詢,,
嫕,,
朘,,
葎,,
宀,,
譜,,
璷,,
亸,,
嘍,,
襜,,
脣,,
竄,,
廒,,
訪,,
刧,,
褧,,
廇,,
氙,,
屻,,
涁,,
繩,6 13,
攤,,
惔,,
藫,,
醣,,
駼,,
亹,,
癢,,
鴞,,
軒,7 3,
泶,,
珜,,
衤,,
褕,,
誅,,
築,,
鹙,,
赇,,
氪,,
鰭,,
耞,,
渏,,
侘,,
赪,,
齒,,
吜,,
儲,,
啲,,
睪,,
餬,,
併,,
蓳,,
娒,,
閰,,
榀,,
聍,,
攵,,
鬘,,
霊,,
錶,,
丿,,
袥,,
慶,7 1 4 3,
渋,,
埏,,
螦,,
燙,,
遆,,
盷,,
裀,,
窊,,
珦,,
鯹,,
頁,,
閱,,
皽,,
貞,,
証,,
暱,,
噽,,
寛,,
嚒,,
牿,,
辯,,
彆,,
猹,,
踆,,
籙,,
蛁,,
褍,,
篚,,
撘,,
龜,7 3 3 4,
減,,
溍,,
磡,,
擓,,
骙,,
癩,,
斝,,
褆,,
評,,
頗,5 2 7,
蹡,,
攝,,
鬱,,
爍,,
癎,,
舣,,
卆,,
茻,,
納,,
锎,,
摟,,
憍,,
鱗,,
馳,,
焠,,
镓,,
楓,,
燋,,
珓,,
糾,6 2,
玚,,
哴,,
蓆,,
祿,,
仫,,
溼,,
栻,,
樋,,
鼷,,
痄,,
覤,,
謔,,
枒,,
偊,,
裈,,
顓,,
揝,,
鑨,,
蝕,,
悾,,
妸,,
巈,,
皕,,
礤,,
鼌,,
崈,,
黨,8 12,
蹅,,
峊,,
縛,,
蹐,,
筊,,
荊,,
賦,,
倶,,
頠,,
燻,,
焮,,
搵,,
饒,,
頑,,
掻,,
濪,,
艷,,
纁,,
砫,,
杙,,
鳙,,
愑,,
颭,,
偡,,
扙,,
週,,
鐲,,
繤,,
攴,,
矝,,
巔,,
顠,,
馃,,
咇,,
螬,,
趎,,
疍,,
抃,,
訂,,
敚,,
朏,,
菓,,
毘,,
鞃,,
姞,,
漈,,
競,,
鏮,,
榼,,
鳢,,
唡,,
礟,,
怳,,
稅,,
聼,,
磌,,
鷉,,
撢,,
壇,,
葜,,
帨,,
膄,,
麹,,
尪,,
頻,,
螵,,
塗,,
愝,,
濊,,
斅,,
噓,,
藚,,
儼,,
钇,,
億,,
麀,,
懮,,
闢,,
綻,,
眞,,
迍,,
嶽,,
鸊,,
蒳,,
蓕,,
菴,,
爊,,
鬽,,
瀍,,
償,,
鈔,,
櫈,,
蝀,,
镦,,
羵,,
諷,7 9,
匄,,
洸,,
艸,,
鍋,,
犺,,
撖,,
瞵,,
铑,,
硁,,
嵙,,
菻,,
畯,,
镮,,
洚,,
耩,,
頰,,
拠,,
杇,,
媧,,
筭,,
飼,,
竢,,
熌,,
贳,,
钐,,
曬,,
澀,,
鸺,,
狹,,
偵,,
歘,,
廴,,
澭,,
矞,,
璪,,
嘖,,
媜,,
蹱,,
芧,,
凖,,
籤,,
囷,,
闔,,
奷,,
鉷,,
捊,,
雛,,
娖,,
誕,,
唗,,
荳,,
汎,,
鈇,,
鋼,,
購,,
蔔,,
鞥,,
魟,,
鏈,,
匯,,
挷,,
镎,,
呂,,
瞜,,
誇,,
圧,,
楗,,
璾,,
胠,,
镋,,
醰,,
橝,,
筍,,
審,,
萳,,
竊,,
謙,,
潑,,
囓,,
涴,,
朣,,
僎,,
晼,,
偽,,
翾,,
壄,,
瘖,,
灜,,
郵,,
畬,,
骣,,
辀,,
甃,,
曚,,
挐,,
擬,,
禖,,
濄,,
邁,,
貝,7,
醭,,
腸,,
漼,,
鱽,,
疊,,
阨,,
輔,,
吿,,
閣,,
袞,,
誐,,
囍,,
芵,,
絡,,
嚿,,
盦,,
曪,,
砢,,
蟸,,
侷,,
轎,,
驕,,
蔣,,
禝,,
鹔,,
眮,,
筳,,
搯,,
菼,,
擡,,
舖,,
蘇,,
篛,,
込,,
瀼,,
宆,,
碨,,
腽,,
膣,,
儛,,
栒,,
掞,,
鴦,,
倻,,
蛦,,
泆,,
鹢,,
鄘,,
雝,,
賊,,
戦,,
滯,,
镃,,
蔹,,
泙,,
镴,,
鳓,,
軌,,
絔,,
鹎,,
揙,,
矌,,
裯,,
搗,,
嶋,,
顛,,
哋,,
棟,,
耑,,
擱,,
槻,,
昞,,
囯,,
泂,,
嚆,,
窾,,
麕,,
犋,,
摎,,
狜,,
敧,,
濩,,
劐,,
耠,,
癨,,
彙,,
萜,,
銷,,
賢,6 2 7,
銅,,
誔,,
譚,,
饀,,
餗,,
穌,,
婞,,
噷,,
吚,,
洶,,
鸴,,
鐚,,
巘,,
鑰,,
鄴,,
隠,,
怮,,
譽,,
軏,,
瞍,,
眘,,
闋,,
喤,,
抷,,
攽,,
邉,,
憯,,
滄,,
勅,,
噇,,
蔥,,
尓,,
澴,,
艙,,
績,,
経,,
朧,,
靇,,
駡,,
朒,,
鞶,,
髈,,
脥,,
浿,,
丗,,
魋,,
朓,,
餂,,
灘,,
蒐,,
刄,,
鰣,,
脎,,
蒻,,
覷,,
嗛,,
噐,,
饦,,
債,,
窪,,
渦,,
盻,,
陜,,
纖,,
鹹,,
啞,,
靨,,
宧,,
轅,,
慍,,
漲,,
鄭,,
鐏,,
杄,,
瘕,,
鈚,,
謊,,
柈,,
舭,,
斃,,
飊,,
馎,,
偁,,
踧,,
躭,,
淂,,
撴,,
遯,,
钆,,
葔,,
抜,,
漷,,
睖,,
侫,,
摰,,
煵,,
羃,,
麥,,
厖,,
稂,,
裩,,
曠,,
釦,,
訣,,
橿,,
娭,,
屭,,
効,,
潝,,
粞,,
縢,,
滃,,
剬,,
稌,,
禿,,
渟,,
嬿,,
廞,,
膪,,
咉,,
殽,,
螢,,
暎,,
緼,,
韻,,
徴,,
晸,,
扺,,
驟,,
玆,,
掫,,
樉,,
癱,,
舑,,
壽,,
艱,,
薆,,
奡,,
沘,,
嗶,,
侼,,
噠,,
耵,,
胐,,
糞,,
綱,,
雚,,
鬹,,
駭,,
靪,,
瀞,,
镅,,
懇,,
隢,,
棬,,
豈,,
祙,,
皏,,
巒,,
僇,,
矓,,
膦,,
楛,,
呴,,
摗,,
縣,6 3 1 6,
吳,,
鮀,,
坉,,
逷,,
嗆,,
侁,,
袑,,
騒,,
宭,,
虇,,
碻,,
昫,,
醑,,
疰,,
醃,,
魘,,
祅,,
洢,,
铟,,
迶,,
漁,,
黦,,
煴,,
栆,,
邅,,
铚,,
柷,,
酺,,
瑑,,
贌,,
鸧,,
軿,,
蔀,,
鮗,,
慒,,
寵,,
遫,,
襯,,
燦,,
砵,,
囮,,
蠙,,
缏,,
疪,,
珌,,
柸,,
憊,,
篤,,
篴,,
筦,,
攔,,
鈕,,
獰,,
嬤,,
躘,,
嚨,,
暤,,
咾,,
癃,,
擴,,
巜,,
虀,,
擭,,
頀,,
鎔,,
絨,,
臞,,
憵,,
靑,,
硚,,
兛,,
啓,,
昩,,
喯,,
瓫,,
釀,,
铌,,
湳,,
倷,,
毣,,
儵,,
鬺,,
趙,6 3 4,
璹,,
耰,,
嚧,,
鈡,,
鬒,,
抯,,
杬,,
寃,,
扜,,
瑤,,
繐,,
遜,,
嘨,,
挦,,
唌,,
涶,,
屜,,
咷,,
鹵,,
嫵,,
瓏,,
鞎,,
筸,,
鬴,,
倕,,
敊,,
剷,,
棌,,
餅,,
辮,,
変,,
皀,,
鏰,,
狽,,
剝,,
豝,,
磝,,
葊,,
竜,,
僱,,
鏢,,
恗,,
蠟,,
嘩,,
鰡,,
槤,,
褵,,
藟,,
瓃,,
蜋,,
漤,,
耢,,
踘,,
韮,,
搢,,
屆,,
暕,,
鑯,,
檓,,
晛,,
渧,,
旿,,
呉,,
葦,,
妧,,
筩,,
鉄,,
殢,,
蹺,,
簑,,
涭,,
脤,,
羶,,
揌,,
擩,,
坵,,
睄,,
鬵,,
揳,,
鴸,,
茓,,
焄,,
慽,,
衆,,
栴,,
劄,,
曽,,
簮,,
勻,,
籥,,
蓣,,
髃,,
睮,,
嵎,,
霙,,
滛,,
謠,,
験,,
鴳,,
臍,,
畷,,
賠,,
玼,,
乢,,
簠,,
箙,,
緞,,
绖,,
觝,,
礑,,
镩,,
錞,,
頷,,
挰,,
愖,,
駁,,
碥,,
觱,,
鰏,,
栢,,
汸,,
搆,,
鰲,,
狢,,
籟,,
鰉,,
麑,,
矈,,
眫,,
莾,,
蔴,,
犖,,
蘿,,
襛,,
欵,,
燼,,
儈,,
藠,,
岕,,
宊,,
莖,,
豤,,
鲙,,
磞,,
笹,,
嗮,,
麯,,
庼,,
愜,,
憇,,
氺,,
黴,,
鞰,,
蜺,,
渼,,
鄚,,
鸁,,
縷,,
籠,,
嶺,,
耥,,
碩,,
濙,,
儯,,
凃,,
濁,,
巵,,
猙,,
袗,,
肈,,
譟,,
皁,,
礜,,
纋,,
癕,,
譯,,
喓,,
敘,,
澥,,
崄,,
瑋,,
嗗,,
舲,,
稟,,
鄰,,
屝,,
吪,,
釘,,
弔,,
旳,,
泹,,
獃,,
咑,,
惙,,
蝽,,
錘,,
熾,,
怊,,
嵖,,
鞆,,
蝂,,
菝,,
斂,,
棐,,
賨,,
镄,,
莙,,
唝,,
扐,,
仂,,
悢,,
铼,,
饋,,
骻,,
誙,,
豊,,
鈌,,
豗,,
苽,,
枴,,
鉤,,
踖,,
榢,,
捁,,
栣,,
慆,,
鲐,,
頌,,
飔,,
渻,,
訕,,
袵,,
牣,,
拑,,
匤,,
寑,,
缲,,
詑,,
郱,,
貧,,
搫,,
脲,,
暋,,
鰧,,
淪,,
紈,,
蟁,,
踨,,
磚,,
霅,,
贈,,
攢,,
蘊,,
淵,,
滪,,
楢,,
癮,,
酏,,
鴉,,
喣,,
铏,,
缐,,
蚿,,
犧,,
儸,,
窋,,
鑾,,
産,,
嬻,,
苳,,
挕,,
頔,,
憚,,
瑳,,
輟,,
箠,,
劖,,
崿,,
蠶,,
鲌,,
掤,,
飆,,
頒,,
徧,,
诐,,
盝,,
蠧,,
拺,,
尃,,
晈,,
鞷,,
侓,,
飗,,
灕,,
鵹,,
焅,,
硿,,
牁,,
嵐,,
姦,,
癀,,
瓛,,
鰗,,
澒,,
唅,,
洊,,
堌,,
釁,,
煕,,
赨,,
蜼,,
齆,,
臒,,
睍,,
稧,,
陿,,
媟,,
鳀,,
涏,,
嬬,,
醄,,
摥,,
鎲,,
娀,,
亖,,
凘,,
煶,,
鱓,,
勍,,
竅,,
棪,,
挜,,
蠋,,
彥,,
簉,,
啅,,
綴,,
樁,,
粧,,
楩,,
穉,,
蹠,,
脹,,
氈,,
矰,,
慥,,
傜,,
鸑,,
秗,,
兪,,
逌,,
憗,,
廕,,
嚚,,
慇,,
禋,,
嶬,,
樸,,
恘,,
輗,,
袿,,
肐,,
槓,,
榦,,
戤,,
鼢,,
墦,,
枙,,
柮,,
陏,,
妬,,
釣,,
壂,,
墊,,
礎,,
宬,,
禪,,
綵,,
吥,,
嚗,,
熛,,
婗,,
盃,,
铇,,
鈎,,
偪,,
巂,,
澆,,
鳘,,
睸,,
濫,,
痾,,
譎,,
脧,,
痀,,
冂,,
褯,,
皦,,
邭,,
漿,,
讙,,
翯,,
牋,,
戸,,
懽,,
韓,,
穢,,
惛,,
羈,,
済,,
髥,,
祘,,
膆,,
瞫,,
滳,,
硰,,
飋,,
磉,,
勷,,
粋,,
銘,,
碏,,
趨,6 2 3 2 3,
唚,,
骹,,
姵,,
幋,,
臲,,
侽,,
獏,,
驀,,
屇,,
稊,,
贗,,
塆,,
碔,,
礞,,
眝,,
囑,,
腫,,
锧,,
嫃,,
酙,,
詐,,
磳,,
増,,
酂,,
繄,,
曮,,
碞,,
魖,,
綉,,
梟,,
蝦,,
煆,,
虩,,
巇,,
緲,,
穂,,
録,,
挌,,
雰,,
轓,,
発,,
毦,,
軃,,
鍛,,
覩,,
闍,,
脰,,
窎,,
璫,,
缞,,
麄,,
綢,,
橕,,
疢,,
悵,,
嗏,,
袐,,
茇,,
醁,,
漧,,
炟,,
玽,,
鐻,,
燐,,
煹,,
憀,,
醨,,
犂,,
荖,,
恇,,
冦,,
欬,,
罥,,
磈,,
滶,,
兓,,
誱,,
膠,,
鐄,,
絙,,
沍,,
壺,,
慬,,
迒,,
菥,,
熣,,
瑣,,
飸,,
哃,,
衕,,
烓,,
鵚,,
兎,,
椀,,
喴,,
齷,,
騃,,
颼,,
镨,,
欶,,
贖,,
蒒,,
刪,,
壖,,
蘘,,
帩,,
趫,,
帢,,
僕,,
堷,,
哱,,
憙,,
焟,,
姫,,
绤,,
猨,,
葅,,
耔,,
錐,,
擿,,
袠,,
覙,,
呠,,
淛,,
轍,,
蹍,,
盞,,
唶,,
蹧,,
齬,,
誸,,
嫞,,
縈,,
溁,,
骃,,
訳,,
様,,
蟳,,
睲,,
緤,,
諧,,
詨,,
蕭,4 4 1 1 2 1 1 1 2, 1 2 3 4 3 4 5 3 4
焇,,
鵬,,
鞧,,
嘔,,
珫,,
廾,,
崗,,
魀,,
鯛,,
琱,,
菿,,
噉,,
訑,,
欉,,
佽,,
齪,,
閦,,
篨,,
歯,,
淊,,
儭,,
鋋,,
攙,,
釵,,
秅,,
筴,,
厠,,
愽,,
嶓,,
徶,,
褾,,
絆,,
糥,,
闬,,
鉏,,
秏,,
瑮,,
哖,,
滈,,
薿,,
擵,,
繆,6 3 3 2 3,
緬,,
毷,,
駹,,
癴,,
狑,,
繚,,
漻,,
曆,,
覼,,
蔾,,
醬,,
郈,,
鷬,,
緝,,
牮,,
膙,,
睆,,
絞,,
攪,,
澽,,
嵁,,
姱,,
檡,,
颯,,
裇,,
鯊,,
卲,,
泩,,
澨,,
泝,,
糬,,
峵,,
痠,,
曇,,
褅,,
綯,,
碝,,
鷿,,
夋,,
欽,,
嫀,,
篋,,
鄗,,
塹,,
鉆,,
揵,,
鹐,,
気,,
帲,,
洴,,
僄,,
簰,,
尫,,
貒,,
衠,,
靰,,
浟,,
臑,,
剚,,
妝,,
跓,,
螲,,
摯,,
秖,,
牐,,
鄫,,
臓,,
蕓,,
氳,,
鋙,,
娛,,
勈,,
枲,,
斁,,
誼,,
窯,,
讞,,
巗,,
鴨,,
烕,,
銊,,
俢,,
僊,,
諕,,
峽,,
潟,,
蟢,,
嬢,,
鲗,,
矊,,
処,,
瘝,,
冓,,
髴,,
羒,,
姶,,
鈍,,
迵,,
涷,,
踶,,
禂,,
攅,,
歠,,
涰,,
諔,,
廚,,
矔,,
乗,,
鐺,,
牚,,
譪,,
煼,,
琩,,
镵,,
筞,,
桲,,
繽,,
鯾,,
粄,,
拝,,
脒,,
錧,,
貙,,
瓌,,
蝲,,
兯,,
酕,,
蓏,,
踚,,
圞,,
廬,,
髏,,
飂,,
璉,,
苙,,
籬,,
矋,,
嘮,,
鞡,,
爧,,
楏,,
寖,,
釬,,
吰,,
阛,,
鹮,,
鍠,,
湝,,
锽,,
婙,,
杦,,
抅,,
潏,,
勀,,
軦,,
遷,6 3 3 3,
翣,,
淺,,
鞦,,
鼽,,
綣,,
宍,,
楉,,
繖,,
捒,,
姍,,
遈,,
暏,,
襩,,
鉥,,
蓚,,
穟,,
郪,,
綺,,
龒,,
挵,,
睌,,
颋,,
躪,,
囖,,
镥,,
琭,,
嵂,,
傌,,
蘪,,
褭,,
袮,,
冖,,
覓,,
嗱,,
儾,,
疒,,
眤,,
鞓,,
呪,,
熥,,
駝,,
哊,,
俁,,
琙,,
蕰,,
醖,,
蠈,,
軫,,
鳷,,
幒,,
赒,,
俍,,
矚,,
髽,,
襈,,
妰,,
鷟,,
鲰,,
訧,,
巊,,
穎,,
喭,,
騨,,
榅,,
覀,,
鸂,,
呺,,
銹,,
痃,,
熖,,
闉,,
鷃,,
钖,,
恞,,
迻,,
裛,,
曎,,
蒑,,
恡,,
鬅,,
孋,,
癚,,
髢,,
菂,,
彫,,
啑,,
鼑,,
兠,,
枓,,
饾,,
敠,,
頞,,
弍,,
騑,,
蟦,,
剕,,
稃,,
榑,,
鵩,,
隄,,
啗,,
詌,,
荅,,
曖,,
礧,,
瞹,,
盫,,
邲,,
倂,,
缽,,
駮,,
餔,,
鏟,,
瑺,,
珹,,
喫,,
裭,,
齣,,
斶,,
骴,,
蝜,,
豖,,
筻,,
鏗,,
璄,,
駉,,
娵,,
秬,,
玃,,
躩,,
埈,,
刲,,
厪,,
喹,,
醌,,
辢,,
梾,,
瓓,,
櫜,,
嬾,,
橸,,
趷,,
噭,,
吙,,
熕,,
榾,,
噑,,
鶴,,
啈,,
貢,,
撝,,
昬,,
鴻,,
覊,,
輯,,
劑,,
鐧,,
僥,,
攲,,
薦,,
緌,,
捜,,
鐩,,
澻,,
潚,,
渉,,
嵵,,
弎,,
鄀,,
蠸,,
傞,,
桯,,
蝪,,
騠,,
嚔,,
捵,,
脁,,
僣,,
鰃,,
忳,,
碢,,
刓,,
鳈,,
愄,,
孉,,
耱,,
魼,,
嵚,,
擼,,
抆,,
蘆,,
顱,,
媢,,
脢,,
璊,,
冡,,
憫,,
畝,,
幙,,
鮎,,
毆,,
搒,,
椪,,
狉,,
狓,,
屛,,
褀,,
唘,,
岍,,
墻,,
鄡,,
韡,,
輾,,
縰,,
幰,,
餚,,
薬,,
蓺,,
曀,,
営,,
槱,,
藴,,
讃,,
橧,,
煠,,
嚞,,
眐,,
篜,,
幀,,
値,,
瘃,,
燭,,
贅,,
禚,,
眥,,
嵕,,
罇,,
袊,,
奍,,
灩,,
艶,,
敍,,
県,,
訫,,
騂,,
讻,,
敻,,
繡,,
鏽,,
俆,,
珝,,
卹,,
続,,
龑,,
諠,,
怰,,
昡,,
絢,,
壎,,
偱,,
馴,,
椏,,
硏,,
巚,,
巃,,
阬,,
醽,,
癉,,
彽,,
敁,,
絰,,
饤,,
鼕,,
簖,,
剟,,
椯,,
粫,,
眆,,
倣,,
髣,,
枌,,
仏,,
冨,,
鳆,,
絯,,
茖,,
箇,,
浭,,
塨,,
蓇,,
颳,,
筜,,
黱,,
蒄,,
蚮,,
迾,,
抝,,
媼,,
蚆,,
粃,,
猋,,
藨,,
莂,,
檳,,
癶,,
旵,,
兏,,
鋿,,
撦,,
摚,,
掁,,
黐,,
雔,,
芻,,
摐,,
瘡,,
綽,,
麤,,
坬,,
稲,,
珖,,
斠,,
菫,,
晉,,
逕,,
煚,,
虡,,
呟,,
玨,,
駃,,
馂,,
摃,,
軻,,
勊,,
歀,,
籄,,
壼,,
闌,,
簕,,
錅,,
爄,,
靂,,
漣,,
縺,,
広,,
巹,,
膫,,
曒,,
嫿,,
聻,,
嘷,,
傐,,
兞,,
焃,,
嗃,,
翝,,
淴,,
搰,,
韄,,
譁,,
嘓,,
楻,,
譓,,
撃,,
鷄,,
穄,,
頬,,
幵,,
冿,,
揀,,
繪,,
絁,,
跅,,
遡,,
玊,,
餿,,
壡,,
鮹,,
槡,,
鬖,,
歳,,
铷,,
膸,,
矘,,
鏁,,
遝,,
弾,,
墵,,
蝭,,
菾,,
覥,,
炵,,
馱,,
槖,,
慤,,
礐,,
顰,,
腃,,
瓊,,
洿,,
醿,,
冺,,
瞐,,
抳,,
輦,,
孼,,
囁,,
嚀,,
紐,,
噥,,
穠,,
伮,,
矉,,
甁,,
恾,,
奤,,
踦,,
愒,,
譴,,
鏘,,
耹,,
淸,,
塭,,
晬,,
乄,,
阢,,
椸,,
觺,,
枻,,
殹,,
霬,,
埇,,
忬,,
悁,,
抈,,
畇,,
筼,,
隕,,
賬,,
侲,,
謢,,
鴙,,
擲,,
箒,,
晝,,
椓,,
牸,,
綜,,
珇,,
瞱,,
僷,,
鴈,,
攜,,
狶,,
觹,,
祫,,
胘,,
玁,,
綫,,
鑲,,
鮝,,
咲,,
衺,,
褉,,
鹽,,
瀉,,
鉶,,
夐,,
獝,,
吅,,
矎,,
薫,,
鄩,,
犽,,
揅,,
冃,,
瀾,,
緑,,
搊,,
牀,,
垐,,
巑,,
獕,,
眔,,
豋,,
鄧,,
廸,,
厎,,
眱,,
蹎,,
澱,,
矴,,
墥,,
対,,
頟,,
灋,,
繙,,
癈,,
翂,,
赗,,
怤,,
栿,,
踀,,
鷘,,
唃,,
抶,,
寽,,
噯,,
靄,,
晻,,
覇,,
兡,,
朼,,
佖,,
愊,,
躄,,
辧,,
麃,,
鱉,,
癟,,
髆,,
僝,,
諂,,
廠,,
弨,,
蛼,,
櫬,,
歭,,
漦,,
雊,,
巐,,
関,,
絹,,
覠,,
矙,,
槺,,
搕,,
鞚,,
懭,,
卼,,
餽,,
覧,,
畾,,
磥,,
壘,,
栃,,
瀝,,
澪,,
瑬,,
綹,,
虜,,
瀂,,
睩,,
蔍,,
藘,,
俇,,
鴂,,
隸,4 5 3 5,
爠,,
耭,,
瞶,,
挙,,
腂,,
猂,,
熯,,
皥,,
詥,,
鬨,,
昒,,
佪,,
邩,,
毼,,
叚,,
璬,,
烱,,
浄,,
錦,,
祲,,
膲,,
繭,,
殲,,
崌,,
絛,,
闒,,
赕,,
啴,,
怹,,
襨,,
鞳,,
螋,,
逤,,
驌,,
婌,,
駟,,
礵,,
綀,,
闐,,
脦,,
撾,,
覜,,
呫,,
嵉,,
穜,,
糰,,
頽,,
襪,,
芛,,
骫,,
唩,,
禑,,
鷡,,
肸,,
収,,
唽,,
鄃,,
痡,,
兙,,
嚬,,
嶈,,
嵰,,
邔,,
璂,,
竒,,
镤,,
澼,,
铈,,
閛,,
硑,,
磗,,
躡,,
裊,,
酅,,
駸,,
澿,,
頃,,
虯,,
渞,,
籧,,
辁,,
崅,,
韌,,
駥,,
簁,,
陝,,
椫,,
紳,,
昚,,
榺,,
鰤,,
犠,,
葴,,
矖,,
醩,,
詔,,
盄,,
饘,,
搾,,
柤,,
鑿,,
腪,,
孅,,
褞,,
伝,,
鐭,,
鴥,,
隩,,
瘉,,
櫂,,
莻,,
掟,,
禃,,
躑,,
疐,,
泈,,
诪,,
紵,,
晫,,
胔,,
総,,
諏,,
捘,,
莋,,
岞,,
咗,,
嶼,,
楡,,
灐,,
檿,,
硍,,
嚮,,
屟,,
僁,,
褻,,
邤,,
舋,,
狌,,
煋,,
堐,,
篶,,
塩,,
巌,,
揜,,
眏,,
覮,,
昜,,
敭,,
鍚,,
楧,,
窰,,
騕,,
枼,,
馌,,
鹥,,
扅,,
頤,,
衵,,
軼,,
慭,,
晲,,
傓,,
娚,,
鈿,,
馩,,
礬,,
讟,,
読,,
働,,
萣,,
呧,,
刜,,
阺,,
苖,,
蟷,,
儅,,
蜑,,
鴏,,
鏠,,
柫,,
鋘,,
獦,,
禬,,
瞆,,
剮,,
冎,,
兝,,
亙,,
塥,,
韨,,
皐,,
冮,,
蜅,,
郙,,
襥,,
襆,,
啛,,
庛,,
惷,,
糒,,
瀕,,
濱,,
驃,,
灬,,
鷩,,
禆,,
骲,,
瑏,,
棓,,
昄,,
鷔,,
貋,,
謀,,
啽,,
抦,,
袚,,
浡,,
葧,,
埗,,
跴,,
懆,,
惻,,
査,,
懺,,
巣,,
謿,,
屮,,
茞,,
鉓,,
篘,,
摴,,
盇,,
籌,,
瑍,,
剺,,
遼,,
憭,,
湅,,
鬑,,
蠣,,
犛,,
碐,,
籣,,
涙,,
儽,,
楽,,
撈,,
欖,,
覽,,
挒,,
痳,,
驎,,
躙,,
琌,,
磂,,
珋,,
塿,,
玈,,
熝,,
膔,,
鋁,,
矕,,
苺,,
濔,,
鱑,,
凂,,
躝,,
鱲,,
襴,,
浹,,
尐,,
稭,,
菨,,
壃,,
鬋,,
鰜,,
蝍,,
弪,,
譏,,
禨,,
睞,,
喞,,
圂,,
鮰,,
璥,,
踐,,
餋,,
奺,,
鷲,,
眗,,
岠,,
跙,,
鉅,,
愳,,
鵑,,
睠,,
扝,,
摳,,
晙,,
駿,,
罳,,
罒,,
舎,,
覗,,
睟,,
潠,,
箾,,
簔,,
虒,,
苼,,
涗,,
鸀,,
喢,,
蝨,,
腎,,
懾,,
賖,,
铴,,
颱,,
焞,,
劏,,
蹆,,
蒍,,
硊,,
楺,,
踠,,
睕,,
喎,,
蛻,,
慱,,
鵜,,
猯,,
亠,,
膧,,
庝,,
驖,,
跕,,
洟,,
耎,,
莈,,
氄,,
驲,,
氕,,
伓,,
蹣,,
媻,,
蒎,,
筽,,
撓,,
莯,,
麰,,
苠,,
愐,,
脄,,
貿,,
匁,,
蠎,,
汒,,
煟,,
頩,,
廹,,
慼,,
牷,,
仭,,
壌,,
獽,,
姌,,
袇,,
亽,,
埢,,
灈,,
磜,,
鼩,,
蠤,,
唒,,
訄,,
搇,,
懃,,
繈,,
僞,,
墆,,
絻,,
鞕,,
棧,,
鳣,,
柵,,
兂,,
雑,,
涢,,
鈅,,
矱,,
蝯,,
蚖,,
薁,,
砡,,
狖,,
铕,,
庮,,
嚘,,
噰,,
埑,,
碪,,
裖,,
鋳,,
霡,,
檇,,
祽,,
籫,,
棸,,
漬,,
鵫,,
僽,,
眹,,
咮,,
謅,,
淍,,
礩,,
抧,,
祬,,
箏,,
槦,,
巆,,
暡,,
鮣,,
伈,,
灺,,
脋,,
峫,,
謞,,
嘐,,
饗,,
銜,,
秈,,
轄,,
嚱,,
澙,,
塈,,
錫,,
睎,,
鹀,,
仴,,
郉,,
蘐,,
娫,,
獈,,
婬,,
珢,,
犾,,
饐,,
豷,,
檍,,
縊,,
勚,,
暘,,
帟,,
佁,,
柂,,
匜,,
葯,,
榚,,
颺,,
悗,,
抲,,
纙,,
巛,,
齶,,
堮,,
嚲,,
瀆,,
凟,,
汈,,
滌,,
恴,,
逹,,
呾,,
迖,,
醝,,
竴,,
綷,,
縗,,
誎,,
従,,
薾,,
邇,,
閥,,
亁,,
罛,,
泒,,
骾,,
畊,,
鴿,,
棡,,
骭,,
郂,,
販,,
衭,,
柎,,
玞,,
鳯,,
僼,,
瀵,,
奜,,
瑽,,
臅,,
観,,
紬,,
蟞,,
儦,,
萹,,
詖,,
聛,,
柲,,
跰,,
琫,,
萡,,
媬,,
胈,,
岰,,
翺,,
垵,,
藹,,
啀,,
攣,,
髩,,
鬢,,
偋,,
虰,,
埫,,
鶒,,
糦,,
鵄,,
鴟,,
憕,,
誠,8 2 1 3,1 2 3 2
磣,,
孹,,
俥,,
漅,,
欃,,
湹,,
犲,,
慚,,
埰,,
祻,,
飡,,
鑵,,
捄,,
斕,,
庲,,
柆,,
媿,,
誆,,
梡,,
鷇,,
嵑,,
揢,,
墈,,
偘,,
鈞,,
戄,,
蹷,,
瑴,,
鋸,,
鵙,,
壈,,
硠,,
朖,,
飀,,
膢,,
撗,,
磠,,
遱,,
漋,,
霤,,
罶,,
懰,,
癆,,
僯,,
隣,,
粦,,
嗹,,
娳,,
廲,,
貍,,
跔,,
鬛,,
誩,,
騞,,
瘣,,
逥,,
狟,,
蘹,,
姡,,
楜,,
膴,,
閧,,
鶡,,
哬,,
屽,,
鋡,,
甝,,
哻,,
痙,,
帰,,
烸,,
諱,,
蠔,,
臛,,
瞷,,
毑,,
觧,,
鳮,,
凚,,
詰,,
卩,,
鳉,,
艦,,
挍,,
澗,,
覬,,
鳽,,
齎,,
玾,,
蕀,,
嗩,,
榙,,
涾,,
嵣,,
禢,,
舕,,
痑,,
嘽,,
襢,,
鞺,,
鋉,,
飱,,
灀,,
傃,,
藪,,
醙,,
訟,,
慫,,
糹,,
誜,,
藷,,
鮛,,
橾,,
疎,,
赯,,
旹,,
瑡,,
漟,,
敨,,
幍,,
慟,,
紽,,
虵,,
陁,,
黗,,
穨,,
鏄,,
団,,
鵵,,
迌,,
鵌,,
鼵,,
捸,,
氃,,
匋,,
娗,,
楟,,
鐡,,
怗,,
誂,,
鯈,,
蓨,,
芀,,
恌,,
虅,,
謄,,
膯,,
頣,,
掑,,
觴,,
錋,,
繾,,
鉗,,
扲,,
岒,,
鶀,,
鵸,,
箁,,
帡,,
砯,,
闝,,
礕,,
翍,,
漰,,
殤,,
毰,,
麅,,
慔,,
鳑,,
駑,,
笯,,
儂,,
鸋,,
惄,,
儗,,
褦,,
搲,,
斨,,
蹌,,
癿,,
嶔,,
墠,,
晱,,
澘,,
幓,,
篸,,
氉,,
慅,,
愞,,
堧,,
鱬,,
醹,,
鴽,,
纴,,
魜,,
遶,,
羣,,
搉,,
韏,,
烇,,
岨,,
銶,,
逎,,
瞏,,
卭,,
抋,,
橢,,
駔,,
輓,,
篔,,
嶦,,
斎,,
醡,,
閘,,
齄,,
迊,,
鋥,,
歵,,
灒,,
洅,,
磼,,
殞,,
禴,,
羭,,
禐,,
衏,,
羱,,
縁,,
厡,,
鵷,,
鴛,,
醧,,
繘,,
蒮,,
焴,,
悆,,
桟,,
轏,,
窼,,
悊,,
筰,,
秨,,
踤,,
緅,,
胾,,
呰,,
齜,,
鶅,,
鼒,,
斵,,
叕,,
琸,,
稕,,
餟,,
籑,,
鱄,,
懫,,
銍,,
徏,,
坧,,
氶,,
聇,,
炡,,
鍖,,
殝,,
輿,,
歈,,
嶶,,
纎,,
澩,,
眴,,
咺,,
諝,,
盺,,
夑,,
絏,,
啋,,
饟,,
僩,,
臽,,
嫺,,
杴,,
紆,,
搳,,
赥,,
忚,,
悮,,
扤,,
汚,,
弙,,
捰,,
猧,,
轀,,
蔿,,
痏,,
吷,,
勛,,
潯,,
殾,,
輶,,
滺,,
栐,,
廮,,
浧,,
矨,,
濴,,
癊,,
茚,,
粌,,
驛,,
歝,,
埶,,
忔,,
伇,,
敼,,
鴢,,
抭,,
炴,,
騐,,
扊,,
綖,,
莚,,
穵,,
崕,,
廼,,
呅,,
劘,,
蚠,,
裓,,
誥,,
筶,,
藳,,
矼,,
檊,,
汵,,
忋,,
姟,,
輻,,
帗,,
缻,,
坆,,
蕫,,
盕,,
訉,,
髪,,
鲕,,
陑,,
蕚,,
鵞,,
躱,,
鐸,,
喥,,
仛,,
竇,,
觡,,
菮,,
嗰,,
羾,,
懐,,
糀,,
鳠,,
錿,,
宖,,
灴,,
籇,,
妔,,
雗,,
鋎,,
虷,,
彍,,
劊,,
庪,,
膭,,
閨,,
覌,,
罫,,
叧,,
騧,,
淈,,
鮕,,
軱,,
唂,,
簼,,
闘,,
颩,,
嚾,,
柀,,
闡,,
摻,,
凔,,
黲,,
戝,,
咘,,
鳪,,
蘗,,
馞,,
冫,,
虌,,
貶,,
琲,,
詄,,
牓,,
幇,,
褩,,
薭,,
挀,,
跁,,
癹,,
垇,,
洝,,
諳,,
餲,,
謩,,
烢,,
諶,,
庱,,
恜,,
窵,,
蒧,,
嶳,,
玓,,
鍀,,
瓽,,
窞,,
帎,,
酖,,
襶,,
躂,,
荙,,
墶,,
脃,,
皠,,
茦,,
擉,,
逴,,
醕,,
汌,,
歂,,
舩,,
鶵,,
櫉,,
懤,,
壊,,
噈,,
偟,,
鸓,,
魎,,
慩,,
攦,,
礫,,
皪,,
犡,,
鴗,,
暦,,
蒞,,
砅,,
斄,,
棃,,
讄,,
涳,,
塁,,
耮,,
顟,,
倈,,
霩,,
鵾,,
樻,,
煃,,
鄈,,
鵟,,
誑,,
絝,,
竂,,
簝,,
浖,,
睙,,
揘,,
蠠,,
黽,,
濗,,
幎,,
鯭,,
蝱,,
鋂,,
嚰,,
髳,,
祃,,
犘,,
嫲,,
鵅,,
哷,,
驢,,
踛,,
勠,,
滷,,
鏤,,
螻,,
鹠,,
癝,,
廩,,
鏻,,
瞉,,
耬,,
渇,,
鷑,,
畺,,
絳,,
瀽,,
瞼,,
梘,,
篯,,
緘,,
箋,,
葏,,
榎,,
檵,,
鮆,,
耤,,
鷮,,
焝,,
橞,,
燬,,
噅,,
褘,,
睳,,
暉,,
榥,,
兤,,
穔,,
礚,,
艎,,
鵁,,
偮,,
繳,,
鴡,,
薖,,
譑,,
邟,,
鱇,,
垰,,
鶌,,
趹,,
屩,,
飬,,
怚,,
犑,,
鶋,,
亅,,
駒,,
頚,,
煯,,
鶛,,
刦,,
袺,,
枃,,
頦,,
冋,,
廄,,
砠,,
腒,,
慯,,
邥,,
丄,,
弰,,
慴,,
蠂,,
柛,,
駪,,
杸,,
剰,,
宷,,
鏣,,
琞,,
鲺,,
尗,,
揓,,
獣,,
鼫,,
燸,,
繕,,
扖,,
扨,,
讱,,
艭,,
軔,,
鶔,,
韖,,
蕠,,
緛,,
篩,,
瓀,,
溞,,
鳋,,
髞,,
琗,,
嗇,,
箑,,
閂,,
媮,,
鉰,,
摶,,
漛,,
蹏,,
倎,,
鲖,,
偸,,
鍮,,
鷵,,
漙,,
餸,,
湪,,
隤,,
旽,,
朜,,
芚,,
纕,,
豘,,
貣,,
鞉,,
縧,,
儻,,
蓃,,
樕,,
蹜,,
夊,,
嵗,,
檖,,
璲,,
巺,,
惢,,
搨,,
毾,,
檯,,
罎,,
煻,,
偒,,
懹,,
縏,,
毃,,
礔,,
鋬,,
礮,,
匉,,
弸,,
掽,,
磇,,
駓,,
膍,,
荓,,
篺,,
羆,,
媥,,
腁,,
縹,,
飃,,
皫,,
儺,,
獳,,
癑,,
醲,,
駞,,
嚢,,
訥,,
鯢,,
柅,,
愵,,
秥,,
醸,,
聶,,
糱,,
寕,,
擰,,
濘,,
沑,,
膿,,
甹,,
塀,,
婘,,
儬,,
繦,,
鍬,,
趬,,
僑,,
蕎,,
陗,,
綅,,
笻,,
缾,,
璚,,
阹,,
粬,,
誳,,
髷,,
胊,,
覻,,
薔,,
漒,,
棈,,
傔,,
岥,,
砶,,
圤,,
蒱,,
錡,,
鲯,,
鬐,,
騹,,
裿,,
栔,,
摖,,
鉛,,
慳,,
鵮,,
忴,,
咃,,
偺,,
鼃,,
獂,,
鲉,,
牗,,
邘,,
歟,,
敔,,
魊,,
渕,,
蚎,,
傛,,
呍,,
抣,,
磒,,
枟,,
桚,,
鉔,,
鐕,,
禜,,
癰,,
邷,,
龂,,
旑,,
兿,,
熤,,
繹,,
醷,,
韾,,
訔,,
蟫,,
溋,,
鷣,,
螾,,
媖,,
嚶,,
攖,,
鶯,,
鸚,,
袦,,
崱,,
苲,,
稯,,
転,,
膇,,
諄,,
斮,,
斀,,
灂,,
貲,,
鬉,,
嶄,,
鏓,,
爼,,
鑚,,
嗺,,
蟕,,
酔,,
噂,,
膞,,
秼,,
泏,,
縐,,
粻,,
佋,,
桭,,
鉁,,
癥,,
汦,,
淽,,
阤,,
柣,,
猘,,
跱,,
籦,,
煄,,
鸼,,
軸,,
苢,,
迆,,
鏔,,
雟,,
嵍,,
悕,,
渓,,
翖,,
徯,,
誒,,
豀,,
觿,,
憲,,
赩,,
谺,,
颬,,
廈,,
枮,,
衘,,
諴,,
瑦,,
莁,,
郚,,
穏,,
顡,,
抏,,
唍,,
盌,,
翫,,
錽,,
兦,,
忹,,
覣,,
緯,,
鮪,,
衞,,
褽,,
輼,,
忟,,
尟,,
錎,,
誃,,
鸉,,
襾,,
婭,,
嵒,,
黤,,
曕,,
崵,,
煬,,
猺,,
鼸,,
仸,,
苭,,
鎁,,
擪,,
郼,,
毉,,
乁,,
蕥,,
铔,,
癬,,
翧,,
郷,,
啌,,
餉,,
龤,,
禼,,
屧,,
薢,,
躠,,
噺,,
娙,,
詾,,
诇,,
旴,,
盨,,
侐,,
抩,,
椲,,
鉾,,
趽,,
餌,,
駬,,
刵,,
咡,,
旙,,
蠜,,
嬎,,
婓,,
耏,,
馡,,
厞,,
鼣,,
溄,,
犎,,
鄷,,
夆,,
輀,,
児,,
皜,,
奵,,
璒,,
鸐,,
諦,,
槙,,
巓,,
蜨,,
眰,,
犢,,
搤,,
靯,,
祋,,
懟,,
噸,,
朶,,
咢,,
堊,,
覅,,
砆,,
荂,,
垝,,
鲴,,
焻,,
煱,,
緺,,
爟,,
椝,,
氿,,
溎,,
禣,,
鱖,,
鮌,,
圀,,
褁,,
駴,,
凾,,
暵,,
棝,,
鼔,,
耇,,
兣,,
輹,,
玍,,
峐,,
皯,,
鳡,,
贛,,
戇,,
餻,,
鼛,,
槀,,
犵,,
鞈,,
挭,,
鯁,,
厷,,
惪,,
魛,,
襠,,
鑣,,
滭,,
箆,,
馝,,
鄨,,
贔,,
猵,,
爂,,
鼈,,
箣,,
霦,,
陃,,
鉼,,
餠,,
蹳,,
胉,,
箥,,
疕,,
琣,,
綳,,
倴,,
皚,,
纆,,
僾,,
懝,,
侒,,
媕,,
柪,,
謷,,
鼇,,
芺,,
驁,,
哵,,
羓,,
朌,,
玤,,
鸔,,
梣,,
僤,,
薋,,
檚,,
膗,,
窻,,
漘,,
踳,,
辤,,
餈,,
朿,,
笒,,
蟌,,
藂,,
趗,,
慛,,
膵,,
刐,,
撣,,
鋤,,
漴,,
胣,,
趍,,
梴,,
蟬,,
嚵,,
瀺,,
懴,,
伡,,
迠,,
硩,,
謓,,
讖,,
朾,,
娍,,
筬,,
鋮,,
瀓,,
獆,,
桮,,
頜,,
燫,,
鯉,,
涖,,
凓,,
棙,,
癘,,
禲,,
溓,,
瑓,,
倰,,
纞,,
嵺,,
嶛,,
撛,,
澟,,
昤,,
掕,,
謧,,
礨,,
钁,,
躨,,
鉲,,
闓,,
忼,,
匼,,
桍,,
洭,,
蘷,,
噋,,
傫,,
鬎,,
攬,,
崀,,
唥,,
労,,
髝,,
韷,,
祾,,
軨,,
癅,,
覔,,
蛖,,
枆,,
錨,,
鄮,,
甿,,
溕,,
夣,,
謐,,
蕯,,
簚,,
敃,,
僶,,
帞,,
覈,,
眜,,
粖,,
笀,,
澫,,
慲,,
禡,,
聾,,
婁,,
溇,,
瓐,,
臚,,
纑,,
稑,,
賂,,
輅,,
簶,,
馿,,
氀,,
灤,,
癵,,
埨,,
箘,,
沕,,
鐍,,
觭,,
賄,,
誨,,
暳,,
獩,,
謋,,
夻,,
筓,,
韲,,
癠,,
鶏,,
齏,,
彐,,
継,,
暩,,
薊,,
鵋,,
烣,,
晄,,
瑝,,
瘓,,
谾,,
砄,,
脝,,
寉,,
耾,,
虖,,
芐,,
觟,,
樺,,
寏,,
綄,,
貆,,
豲,,
渙,,
煥,,
齌,,
撶,,
裌,,
吤,,
賮,,
秔,,
鶄,,
麖,,
鼱,,
妌,,
脛,,
絅,,
鳩,,
鋗,,
倃,,
洰,,
埧,,
焣,,
莢,,
浕,,
廐,,
訐,,
醤,,
賈,,
迼,,
瑐,,
剣,,
瞯,,
摪,,
螀,,
麉,,
勦,,
皭,,
衱,,
刼,,
椄,,
裐,,
撹,,
呌,,
蔪,,
煔,,
覢,,
饍,,
愓,,
娋,,
檨,,
葹,,
罙,,
堔,,
鲹,,
瀋,,
鵿,,
邿,,
鸤,,
彡,,
褷,,
竪,,
溡,,
蒔,,
腨,,
鼭,,
眂,,
徥,,
諟,,
鏉,,
樞,,
鷞,,
薥,,
咰,,
蒁,,
尌,,
榯,,
桇,,
翜,,
靭,,
髶,,
羢,,
毧,,
栄,,
馹,,
靱,,
肕,,
禸,,
鵀,,
朲,,
鬊,,
忈,,
嬈,,
蕘,,
軵,,
渘,,
挱,,
钑,,
鬙,,
襂,,
槮,,
瀒,,
濏,,
鈒,,
捼,,
輮,,
鋭,,
蕋,,
輭,,
蝡,,
鄏,,
袽,,
蕣,,
碮,,
鼶,,
乭,,
図,,
鋵,,
葖,,
唋,,
妵,,
痌,,
侹,,
圗,,
鼮,,
閮,,
鴩,,
銕,,
岧,,
睼,,
腯,,
鶟,,
酟,,
鼉,,
彺,,
繎,,
渨,,
鎫,,
鋄,,
楕,,
驒,,
鷋,,
駄,,
岮,,
魠,,
涒,,
鷒,,
剸,,
鷏,,
鶗,,
佀,,
誶,,
暛,,
摍,,
鶽,,
槂,,
繸,,
襚,,
煫,,
蹹,,
埣,,
髄,,
藗,,
囌,,
凁,,
嵷,,
咜,,
誻,,
銻,,
鶶,,
籘,,
鼟,,
檮,,
蜪,,
韜,,
夲,,
橖,,
嚃,,
啺,,
坣,,
憻,,
溙,,
鈦,,
鞜,,
儴,,
阫,,
嘫,,
踂,,
寗,,
檸,,
儜,,
脌,,
鑷,,
櫱,,
姩,,
憹,,
卄,,
攆,,
氼,,
隬,,
儞,,
跜,,
牜,,
禯,,
娞,,
眅,,
恲,,
轡,,
鞄,,
龎,,
肨,,
坢,,
齵,,
譳,,
糑,,
掿,,
梛,,
黁,,
餪,,
搙,,
腇,,
抐,,
峮,,
媔,,
衊,,
媌,,
麫,,
鮸,,
葂,,
喕,,
幦,,
錉,,
冪,,
洣,,
鸍,,
霿,,
癐,,
庬,,
怋,,
閩,,
巎,,
誽,,
碙,,
暔,,
枏,,
腉,,
鈉,,
妠,,
牳,,
詺,,
鴾,,
恈,,
嗼,,
眿,,
帓,,
謬,,
傰,,
塜,,
稝,,
躈,,
殏,,
鰍,,
焭,,
鑋,,
鳹,,
苆,,
撽,,
醔,,
羥,,
檣,,
廧,,
錆,,
篬,,
篏,,
盚,,
鮂,,
樥,,
闃,,
闕,8 3 3 4,
皵,,
硞,,
汱,,
啳,,
覰,,
竘,,
搝,,
躣,,
螶,,
璖,,
軥,,
嶇,,
筁,,
鰬,,
灊,,
騝,,
囨,,
鯆,,
哣,,
淜,,
朩,,
嬪,,
楄,,
諀,,
羬,,
銢,,
鵧,,
椑,,
悂,,
剻,,
髼,,
迉,,
魌,,
斉,,
蚔,,
棊,,
愭,,
踑,,
簱,,
呇,,
唭,,
碶,,
薺,,
礘,,
冾,,
竏,,
婜,,
撁,,
葨,,
罌,,
湋,,
鼘,,
囩,,
蒀,,
鸙,,
鉞,,
粵,,
汋,,
駌,,
縕,,
鳶,,
蒬,,
葾,,
籲,,
灪,,
鸒,,
荺,,
帀,,
鳿,,
瞔,,
飦,,
鉙,,
皻,,
熷,,
鰂,,
鸅,,
弉,,
烖,,
贜,,
贓,,
賍,,
囋,,
鄼,,
扗,,
蘛,,
噊,,
贀,,
甖,,
悀,,
颕,,
盁,,
纓,,
譻,,
孆,,
憖,,
怞,,
櫽,,
崟,,
唫,,
溵,,
垔,,
鷧,,
踴,,
莤,,
稢,,
鰅,,
馭,,
飫,,
萮,,
鄅,,
祤,,
鸆,,
礖,,
魷,,
覦,,
魣,,
崳,,
酑,,
伃,,
峟,,
黵,,
輚,,
涱,,
縋,,
頾,,
禌,,
諑,,
蠿,,
埻,,
醊,,
囀,,
胏,,
諯,,
膼,,
竚,,
茿,,
櫫,,
籕,,
杍,,
腙,,
鉊,,
劗,,
痗,,
袏,,
岝,,
椊,,
鷷,,
噿,,
崪,,
朡,,
哫,,
郰,,
縂,,
摠,,
搃,,
翪,,
噣,,
荮,,
喌,,
獉,,
佂,,
黮,,
鴆,,
蜄,,
揕,,
縝,,
遉,,
祍,,
讁,,
銸,,
輒,7 6 1,
粍,,
矺,,
肁,,
汥,,
徔,,
墌,,
馽,,
縶,,
蹢,,
帋,,
庤,,
偫,,
紩,,
幟,,
瓆,,
騺,,
鑕,,
汷,,
蔠,,
鼨,,
囈,,
艗,,
溈,,
嬐,,
憪,,
嫻,,
伭,,
襳,,
廯,,
憸,,
僲,,
癇,,
鬩,,
餼,,
纚,,
諰,,
漇,,
鰼,,
醎,,
烍,,
謵,,
痟,,
傚,,
涍,,
蠨,,
蟏,,
簘,,
綃,,
蟓,,
娨,,
姠,,
鯗,,
薌,,
鄊,,
餡,,
粯,,
霫,,
槢,,
圛,,
硙,,
莬,,
鼤,,
鴍,,
砇,,
瑥,,
媦,,
叞,,
萵,,
苿,,
韙,,
薳,,
蜲,,
煒,,
琟,,
渂,,
踒,,
趘,,
屼,,
嶍,,
鵗,,
厀,,
琋,,
屗,,
霚,,
珷,,
腛,,
鴮,,
螐,,
誣,,
歍,,
鄔,,
瞃,,
膎,,
燲,,
擷,,
胦,,
摿,,
嗂,,
倄,,
瀁,,
慃,,
崸,,
讌,,
筄,,
灔,,
爓,,
鬳,,
鶠,,
甗,,
匽,,
眑,,
鷂,,
鞵,,
鳦,,
鹝,,
詍,,
秇,,
檥,,
螘,,
輢,,
鸃,,
礏,,
彛,,
貽,,
袘,,
杝,,
禕,,
鵺,,
沇,,
姸,,
掗,,
鈃,,
蒣,,
珛,,
髤,,
臹,,
恟,,
鋞,,
箵,,
唖,,
阠,,
蠏,,
爕,,
嶰,,
屓,,
藛,,
湑,,
伵,,
壻,,
蜁,,
嫙,,
暅,,
楥,,
鞙,,
繏,,
鷽,,
狘,,
勲,,
廵,,
桪,,
燖,,
璕,,
漄,,
穈,,
桜,,
挴,,
橔,,
鵽,,
墯,,
刴,,
挆,,
潡,,
躉,,
譵,,
涐,,
痽,,
贕,,
匵,,
剢,,
詷,,
湩,,
娿,,
搹,,
埬,,
辺,,
燓,,
鳻,,
帉,,
鶭,,
瓬,,
奿,,
仮,,
僫,,
橎,,
藅,,
茷,,
貳,,
閼,,
蝁,,
挏,,
昸,,
貸,,
蘯,,
鍉,,
嬁,,
悳,,
瓙,,
禱,,
舠,,
璗,,
詆,,
趤,,
簹,,
憺,,
勯,,
単,,
妉,,
嚁,,
杕,,
铥,,
鳭,,
諜,,
臷,,
惵,,
耊,,
眣,,
藋,,
婰,,
逓,,
齻,,
甋,,
遰,,
蝃,,
蔕,,
祶,,
膹,,
盽,,
桻,,
轂,,
炚,,
啩,,
怘,,
鵠,,
薣,,
鶻,,
箛,,
瞡,,
撀,,
鞏,,
愩,,
喼,,
縆,,
轕,,
硄,,
鮭,,
猦,,
緄,,
鶾,,
譀,,
頇,,
摑,,
鈛,,
謴,,
襘,,
鬶,,
簂,,
撌,,
攰,,
觤,,
恑,,
佹,,
鮯,,
滆,,
鴐,,
糐,,
弣,,
鶝,,
鴔,,
綍,,
虙,,
玸,,
鳺,,
祰,,
胕,,
妋,,
鴀,,
垺,,
湗,,
馮,,
釡,,
焤,,
訃,,
蚹,,
萯,,
蕧,,
荄,,
摡,,
槪,,
瓂,,
粓,,
簳,,
紺,,
堽,,
鷎,,
菒,,
稾,,
靆,,
紿,,
恏,,
臕,,
苪,,
栟,,
殯,,
鬂,,
汃,,
飈,,
骉,,
盋,,
頨,,
閞,,
覍,,
魓,,
躃,,
篳,,
竝,,
碆,,
襅,,
郶,,
鶬,,
濸,,
蠺,,
慙,,
傪,,
喰,,
峬,,
郣,,
譒,,
鎛,,
簙,,
豰,,
猼,,
瓟,,
廦,,
罼,,
龘,,
鞌,,
瓪,,
釟,,
镺,,
軪,,
岇,,
鮟,,
靉,,
靽,,
鑀,,
鴱,,
硋,,
昹,,
溰,,
腜,,
湴,,
垹,,
飶,,
祊,,
蓽,,
煏,,
坒,,
鵖,,
塴,,
埲,,
伻,,
謗,,
賁,,
骳,,
誖,,
犕,,
鑤,,
寳,,
敇,,
鑔,,
紁,,
娕,,
楤,,
茐,,
囪,,
螆,,
蛓,,
鷀,,
辵,,
聦,,
蓴,,
犉,,
鶞,,
埀,,
牕,,
鶨,,
暰,,
孮,,
詫,,
墫,,
剳,,
銼,,
鹺,,
籿,,
刌,,
澊,,
顇,,
輳,,
膬,,
趡,,
鏙,,
簒,,
憱,,
觕,,
篅,,
歜,,
埱,,
鼚,9 2 2 8,
瞮,,
麨,,
鼂,,
窲,,
鄛,,
鱨,,
锠,,
櫥,,
譂,,
幝,,
儃,,
幨,,
袃,,
喍,,
浾,,
頳,,
窚,,
碀,,
騁,,
粚,,
泜,,
遅,,
叺,,
徸,,
隀,,
皗,,
酧,,
薵,,
讐,,
蒭,,
幮,,
椃,,
揷,,
欱,,
騋,,
窂,,
囒,,
幱,,
懢,,
厱,,
鶆,,
猍,,
铹,,
徠,,
鑞,,
櫴,,
攋,,
鞹,,
鞟,,
哰,,
朥,,
筈,,
艃,,
悧,,
茘,,
屴,,
鱧,,
穲,,
樆,,
纇,,
恅,,
颣,,
癗,,
絫,,
虆,,
餎,,
砳,,
髺,,
稛,,
蕝,,
龕,,
穅,,
砊,,
顑,,
欿,,
堿,,
冚,,
栞,,
囥,,
鍇,,
愷,,
汮,,
鷢,,
觼,,
蟨,,
匟,,
銬,,
鯤,,
晇,,
菎,,
謉,,
匱,,
抂,,
窽,,
旝,,
俈,,
钶,,
跍,,
簆,,
宼,,
硜,,
褃,,
醘,,
厤,,
歴,,
綟,,
鏕,,
鑢,,
垏,,
屢,,
鷜,,
鵱,,
鯥,,
濾,,
鸞,,
穋,,
鸕,,
艫,,
鈩,,
謱,,
竉,,
奱,,
擽,,
濿,,
娏,,
冐,,
鉌,,
皃,,
鉚,,
夘,,
堥,,
蟎,,
掄,,
饅,,
顢,,
売,,
溤,,
臝,,
鑼,,
攏,,
壟,,
蘢,,
籨,,
緉,,
簗,,
瀲,,
錬,,
澰,,
稴,,
亷,,
槞,,
嫾,,
靋,,
轣,,
鷅,,
盭,,
曞,,
膋,,
璙,,
挘,,
姴,,
烮,,
惏,,
麐,,
橉,,
朎,,
秢,,
魿,,
霝,,
齢,,
櫺,,
疁,,
瀏,,
鶹,,
鴃,,
栁,,
瘚,,
瀖,,
羇,,
饑,,
賷,,
磯,,
嗘,,
矐,,
雘,,
卽,,
掝,,
眓,,
掍,,
鼲,,
棔,,
惽,,
鸄,,
塉,,
譮,,
鯽,,
幏,,
斚,,
鴶,,
餄,,
抸,,
鰶,,
誋,,
檝,,
痵,,
兾,,
惎,,
妀,,
鶺,,
濈,,
涽,,
翽,,
蕑,,
葓,,
歑,,
雽,,
轷,,
翭,,
銾,,
晎,,
谹,,
鶦,,
妅,,
渹,,
胻,,
焆,,
閡,,
爀,,
瀫,,
滸,,
璯,,
闤,,
彚,,
阓,,
螝,,
廽,,
媓,,
鐶,,
褱,,
箎,,
褢,,
畵,,
蘤,,
婲,,
嫭,,
枑,,
熞,,
芲,,
蹫,,
丼,,
欍,,
麔,,
揫,,
浻,,
逈,,
俓,,
鯨,,
梮,,
鵛,,
巠,,
贐,,
壗,,
濅,,
墐,,
泃,,
艍,,
伒,,
窶,,
泬,,
熸,,
慻,,
撧,,
勌,,
弮,,
怇,,
鮈,,
齟,,
弆,,
鼰,,
鵴,,
毱,,
椈,,
煡,,
憼,,
擳,,
嘄,,
夅,,
奬,,
勥,,
鑬,,
鑒,,
檻,,
諫,,
榗,,
跈,,
臶,,
徤,,
鰎,,
儉,,
戩,,
覸,,
弶,,
趝,,
轇,,
楬,,
脻,,
湬,,
蛣,,
釂,,
昅,,
敎,,
窌,,
潐,,
鱎,,
矯,,
儌,,
餃,,
溹,,
狧,,
鎼,,
鎻,,
琑,,
趖,,
猻,,
嚺,,
搎,,
繀,,
瀡,,
賥,,
脺,,
砕,,
鞖,,
滖,,
荾,,
謖,,
橚,,
塐,,
闥,,
縤,,
榡,,
濌,,
髾,,
譶,,
迯,,
鴺,,
鍗,,
梀,,
趧,,
惿,,
珶,,
偍,,
幐,,
鋱,,
畓,,
鞀,,
鞱,,
珆,,
瑫,,
仐,,
餳,,
篖,,
磄,,
鐋,,
醓,,
譠,,
潬,,
粏,,
炲,,
粛,,
呩,,
洬,,
籂,,
鈰,,
睗,,
柹,,
忕,,
鉂,,
笶,,
釃,,
浉,,
貹,,
鱦,,
湦,,
呏,,
魫,,
鯓,,
蓡,,
訷,,
葠,,
眒,,
峷,,
姺,,
蔎,,
戻,,
摵,,
謚,,
襫,,
獀,,
瓧,,
廀,,
駷,,
愯,,
蜙,,
柗,,
儩,,
蕼,,
飤,,
梩,,
価,,
颸,,
銯,,
禠,,
泀,,
鑠,,
滝,,
荗,,
潻,,
踈,,
瑹,,
柕,,
夀,,
綬,,
挮,,
喡,,
掦,,
闈,,
蘶,,
鏏,,
餧,,
緭,,
菋,,
軎,,
諉,,
骪,,
愇,,
骩,,
癓,,
洈,,
惖,,
峞,,
峗,,
揻,,
揋,,
盳,,
蛧,,
莣,,
尩,,
尣,,
杤,,
綰,,
昷,,
珳,,
脗,,
妏,,
屖,,
焼,,
卥,,
蘁,,
矹,,
岉,,
甒,,
潕,,
廡,,
娬,,
俉,,
璑,,
娪,,
鰞,,
鎢,,
楃,,
婐,,
蝸,,
涹,,
罋,,
聬,,
螉,,
脕,,
綩,,
埦,,
捖,,
峹,,
斢,,
鉖,,
秱,,
浵,,
晍,,
濎,,
脡,,
蝏,,
艼,,
庁,,
聑,,
晀,,
宨,,
樤,,
錪,,
賟,,
淟,,
窴,,
甛,,
婖,,
籊,,
歒,,
揥,,
湥,,
捈,,
岏,,
梌,,
韈,,
瓲,,
攨,,
啘,,
畖,,
徍,,
萚,,
彵,,
捝,,
挩,,
侻,,
拕,,
汑,,
扡,,
畽,,
臋,,
駾,,
娧,,
脮,,
蓷,,
莵,,
跿,,
瘏,,
旓,,
磎,,
恦,,
蒪,,
粸,,
軝,,
斊,,
褄,,
朞,,
倛,,
纀,,
墣,,
抪,,
兺,,
犃,,
洦,,
漡,,
敀,,
岶,,
駊,,
尀,,
謈,,
嘙,,
鏺,,
醱,,
溌,,
簈,,
檘,,
懠,,
騏,,
蠐,,
婍,,
膁,,
濳,,
黚,,
橬,,
銭,,
乹,,
鬝,,
攓,,
攐,,
檶,,
僉,,
雃,,
鈆,,
汘,,
圲,,
愘,,
跒,,
罊,,
磩,,
磧,,
暣,,
呮,,
晵,,
凴,,
蛢,,
蓱,,
笩,,
爮,,
垉,,
炐,,
蠭,,
沗,,
鎃,,
袙,,
帊,,
掱,,
舥,,
皅,,
漚,,
腢,,
鷗,,
熰,,
夞,,
懧,,
稬,,
瘧,,
衂,,
釹,,
籹,,
熈,,
伂,,
梈,,
幈,,
軯,,
蚲,,
竮,,
撆,,
魒,,
翲,,
旚,,
彯,,
覑,,
駢,,
骿,,
鶣,,
嚊,,
渒,,
鲏,,
腗,,
阰,,
錍,,
旇,,
喸,,
鬔,,
憉,,
槰,,
竼,,
刋,,
蔳,,
篟,,
閏,,
腝,,
偄,,
縟,,
鳰,,
杁,,
曘,,
蒘,,
帤,,
蝚,,
媃,,
傇,,
嵤,,
嫆,,
囸,,
芿,,
腍,,
絍,,
訒,,
紉,,
譲,,
躟,,
囕,,
鵲,,
蜹,,
渃,,
埆,,
焫,,
鱔,,
灗,,
鐥,,
贍,,
蟺,,
嘇,,
痁,,
烻,,
圸,,
簛,,
萐,,
鏼,,
轖,,
懎,,
澁,,
銫,,
洓,,
矂,,
僿,,
顋,,
毢,,
馺,,
摋,,
趞,,
牶,,
猐,,
睘,,
暒,,
殑,,
軽,,
氫,,
瀙,,
撳,,
赾,,
梫,,
琹,,
藒,,
悏,,
韒,,
顦,,
鞽,,
譙,,
嘺,,
繑,,
墝,,
熗,,
蘠,,
蔃,,
瑲,,
嗴,,
惸,,
竆,,
甽,,
藭,,
巏,,
跧,,
瑔,,
搼,,
湶,,
峑,,
閴,,
竬,,
鸜,,
葋,,
斪,,
敺,,
駆,,
浀,,
蛷,,
絿,,
釚,,
紌,,
觓,,
扏,,
趥,,
蓲,,
媝,,
蒠,,
瓉,,
豯,,
塟,,
譄,,
繒,,
譖,,
齰,,
謮,,
襗,,
簀,,
皟,,
煰,,
璅,,
傮,,
鏨,,
惥,,
啂,,
賛,,
儹,,
酨,,
傤,,
賳,,
睵,,
溨,,
韗,,
醞,,
惲,,
箚,,
皼,,
甴,,
蚻,,
砓,,
歽,,
旐,,
枛,,
瑵,,
妱,,
瞕,,
鐣,,
麞,,
鱆,,
蔁,,
橏,,
琖,,
鸇,,
鱣,,
旜,,
氊,,
薝,,
噡,,
趈,,
夈,,
灹,,
鍘,,
齫,,
馻,,
喗,,
喐,,
铻,,
匬,,
鮽,,
澞,,
諛,,
蕍,,
艅,,
牏,,
隃,,
釪,,
亐,,
亴,,
牰,,
蜏,,
湵,,
鮋,,
鈾,,
偤,,
斿,,
怣,,
肬,,
瀀,,
泑,,
噳,,
喩,,
溳,,
罭,,
蝹,,
熅,,
龥,,
蚏,,
恱,,
戉,,
曱,,
噮,,
褑,,
黿,,
囦,,
鬰,,
欝,,
籞,,
驈,,
饇,,
礇,,
儥,,
諭,,
澦,,
稶,,
銉,,
嶎,,
謺,,
鍺,,
栕,,
栥,,
謶,,
撯,,
硺,,
梲,,
丵,,
彴,,
槕,,
訰,,
轛,,
礈,,
錣,,
硾,,
甀,,
沝,,
鵻,,
騅,,
庒,,
竱,,
孨,,
蟤,,
鄟,,
専,,
霔,,
籗,,
葘,,
羜,,
緇,,
㨃,,
飵,,
繓,,
絊,,
枠,,
濢,,
箤,,
稡,,
鄒,,
棷,,
菆,,
蓗,,
鯮,,
騣,,
緃,,
惾,,
芓,,
榟,,
訿,,
釨,,
秄,,
鎡,,
趦,,
鉒,,
陼,,
寊,,
貭,,
秷,,
乿,,
洷,,
俧,,
藢,,
疻,,
洔,,
恉,,
凪,,
搘,,
秪,,
衼,,
諍,,
抍,,
錚,,
揁,,
鎭,,
賑,,
黰,,
診,,
聄,,
紾,,
眕,,
觗,,
槜,,
钃,,
瘈,,
斸,,
劚,,
笁,,
瀦,,
絑,,
劯,,
籒,,
詋,,
粙,,
睭,,
賙,,
輈,,
婤,,
珘,,
喠,,
炂,,
彸,,
伀,,
鷙,,
躓,,
櫍,,
櫛,,
覟,,
彮,,
廱,,
蠵,,
徢,,
緈,,
塂,,
莕,,
銒,,
脪,,
嬜,,
鈊,,
韰,,
噧,,
紲,,
焎,,
伳,,
牅,,
襭,,
蝢,,
擕,,
熁,,
恊,,
劦,,
熽,,
恔,,
皢,,
暁,,
驍,,
嬹,,
忷,,
樇,,
滫,,
伨,,
卂,,
燂,,
樳,,
揗,,
塤,,
鏇,,
颴,,
袨,,
暶,,
琁,,
萲,,
鱮,,
緖,,
稸,,
槒,,
訹,,
垿,,
詡,,
蝑,,
揟,,
裦,,
璓,,
鷍,,
髐,,
簫,,
銛,,
佡,,
圷,,
赮,,
縖,,
蕸,,
舝,,
筪,,
硤,,
閕,,
闟,,
熂,,
隟,,
綌,,
慀,,
釳,,
欯,,
卌,,
暿,,
鈢,,
葈,,
騽,,
飁,,
漝,,
嘕,,
鍂,,
蟂,,
韱,,
宯,,
侾,,
鐌,,
襐,,
曏,,
萫,,
缿,,
蠁,,
晑,,
驤,,
糮,,
撊,,
絤,,
涀,,
蘚,,
顕,,
禒,,
毨,,
鷴,,
撏,,
蛝,,
鱻,,
鶱,,
侚,,
狥,,
賐,,
齸,,
蘙,,
鶂,,
褹,,
瞖,,
嬟,,
墿,,
黓,,
槸,,
靾,,
膉,,
詣,,
湙,,
豙,,
浳,,
垼,,
唈,,
浂,,
帠,,
俋,,
呹,,
耴,,
坄,,
劮,,
鷾,,
乚,,
崺,,
歅,,
嗈,,
潁,,
梬,,
籯,,
籝,,
櫿,,
瀠,,
藀,,
塋,,
鷪,,
噟,,
绬,,
愥,,
珱,,
懚,,
飮,,
靷,,
淾,,
齦,,
蔩,,
泿,,
乑,,
冘,,
伿,,
攺,,
顨,,
媱,,
傟,,
坱,,
佒,,
氜,,
鍈,,
饜,,
醼,,
黶,,
黬,,
硽,,
椼,,
乵,,
厳,,
楌,,
嵓,,
狿,,
郔,,
黫,,
臙,,
閹,,
亜,,
圠,,
孲,,
葽,,
颻,,
謻,,
岆,,
彜,,
飴,,
跠,,
詒,,
瓵,,
黳,,
鷖,,
瑿,,
壱,,
擫,,
謁,,
澲,,
擖,,
燁,,
曅,,
曄,,
楪,,
洂,,
亱,,
潱,,
曣,,
詏,,
殀,,
鎒,,
駏,,
繷,,
舤,,
誹,,
裶,,
旊,,
嬔,,
滼,,
払,,
鷭,,
羳,,
薠,,
膰,,
緐,,
颿,,
顚,,
憣,,
嬏,,
犿,,
琺,,
罸,,
瞂,,
疺,,
誀,,
鮞,,
洏,,
峏,,
昲,,
疿,,
萉,,
廃,,
踾,,
鳧,,
葍,,
紼,,
紱,,
畐,,
懯,,
麩,,
坲,,
瓰,,
覂,,
摓,,
浲,,
麷,,
灃,,
琒,,
弅,,
豶,,
鼖,,
魵,,
幩,,
蒶,,
鈖,,
旕,,
乻,,
仒,,
韇,,
櫝,,
醏,,
斣,,
鋀,,
酘,,
鈄,,
阧,,
吺,,
霘,,
諌,,
鯟,,
菄,,
錠,,
聣,,
椗,,
薡,,
嚸,,
氎,,
艓,,
殜,,
畳,,
蓧,,
扚,,
殰,,
黷,,
奀,,
帾,,
鶚,,
顎,,
遻,,
悪,,
砐,,
呝,,
阸,,
戹,,
砈,,
魤,,
妿,,
跥,,
桗,,
陊,,
挅,,
敪,,
踲,,
伅,,
墪,,
磓,,
塅,,
鍍,,
殬,,
癁,,
俌,,
捬,,
蚢,,
琀,,
豃,,
浫,,
浛,,
肣,,
谽,,
嚡,,
酼,,
咍,,
幗,,
墎,,
攱,,
陒,,
嬀,,
窐,,
亀,,
胿,,
臦,,
獷,,
銧,,
茪,,
侊,,
罆,,
銲,,
昦,,
躀,,
悎,,
嗊,,
黌,,
霟,,
鋐,,
綋,,
鍧,,
焢,,
叿,,
鵆,,
鸻,,
拫,,
潶,,
靏,,
靎,,
齃,,
袔,,
皬,,
魺,,
澕,,
籺,,
顥,,
皡,,
暭,,
摜,,
輨,,
盙,,
杛,,
綆,,
峺,,
緪,,
鹒,,
焿,,
鉻,,
愅,,
佮,,
呄,,
謌,,
戓,,
峼,,
鎬,,
夰,,
羙,,
鱤,,
尶,,
迀,,
鎅,,
侅,,
猤,,
鍑,,
緮,,
堩,,
碽,,
鰥,,
髸,,
萖,,
叏,,
絓,,
錮,,
頋,,
盬,,
餶,,
糓,,
硲,,
啒,,
鴣,,
篐,,
軲,,
訽,,
茩,,
蚼,,
耈,,
耉,,
韝,,
贑,,
拲,,
龔,,
龏,,
驔,,
傎,,
匢,,
傡,,
倸,,
篰,,
踄,,
轐,,
蚾,,
犦,,
襏,,
壆,,
鈸,,
僠,,
誁,,
垪,,
摕,,
棅,,
窉,,
眪,,
仌,,
臏,,
儐,,
襒,,
龞,,
飇,,
瀌,,
淲,,
縩,,
叄,,
螥,,
賶,,
镸,,
椙,,
摲,,
繟,,
剗,,
纒,,
壥,,
儳,,
鄽,,
毚,,
獑,,
裧,,
祡,,
艖,,
偛,,
臿,,
扱,,
膥,,
萗,,
畟,,
襙,,
蓸,,
曺,,
艑,,
辡,,
峅,,
鎊,,
姅,,
螌,,
螁,,
鞁,,
欛,,
壩,,
夿,,
玐,,
朳,,
襖,,
翶,,
厫,,
隌,,
韽,,
誝,,
痷,,
譺,,
懓,,
嬡,,
壒,,
伌,,
濭,,
厑,,
幚,,
勹,,
炞,,
闁,,
牑,,
獘,,
幤,,
熚,,
彃,,
湢,,
梐,,
胇,,
佊,,
鎞,,
捹,,
錛,,
渀,,
軰,,
偹,,
昁,,
喺,,
虣,,
髱,,
靤,,
鉋,,
袌,,
鴇,,
甞,,
蟐,,
厰,,
禫,,
軚,,
軑,,
韃,,
臎,,
翆,,
磪,,
槯,,
篹,,
欑,,
躥,,
瘄,,
謥,,
徖,,
忩,,
皉,,
佌,,
礠,,
鴜,,
嚽,,
偆,,
湻,,
陙,,
櫄,,
柦,,
饏,,
瑃,,
讜,,
墑,,
媂,,
啇,,
埊,,
俤,,
坔,,
弚,,
鯳,,
豴,,
靮,,
唙,,
鏑,,
埞,,
揼,,
燾,,
衜,,
翢,,
屶,,
闣,,
簜,,
碭,,
婸,,
氹,,
箺,,
暙,,
韔,,
翤,,
灻,,
拸,,
肔,,
耛,,
攡,,
噄,,
彨,,
悜,,
徎,,
脭,,
鏿,,
檉,,
赬,,
爯,,
趂,,
贂,,
蔯,,
揨,,
奲,,
唓,,
觘,,
仯,,
樔,,
憏,,
趩,,
萅,,
饎,,
傸,,
牎,,
荈,,
暷,,
猭,,
圌,,
儊,,
滀,,
鄐,,
傗,,
絀,,
欪,,
竌,,
齼,,
殠,,
偢,,
躊,,
疇,,
儔,,
銃,,
揰,,
緟,,
浺,,
鍭,,
曶,,
炄,,
彾,,
驑,,
餾,,
藰,,
蟉,,
阾,,
欞,,
綾,,
裬,,
詅,,
紷,,
砱,,
姈,,
頼,,
刢,,
藺,,
疄,,
悋,,
懍,,
壣,,
翷,,
繗,,
暽,,
脟,,
猟,,
翏,,
磟,,
嶐,,
巄,,
畧,,
臠,,
曫,,
繂,,
焒,,
梠,,
閭,8 3 3,
騼,,
錴,,
摝,,
廘,,
淕,,
擄,,
樐,,
髗,,
罏,,
籚,,
矑,,
贚,,
礱,,
曨,,
霳,,
鏧,,
劽,,
尦,,
爎,,
盠,,
脷,,
錑,,
頪,,
蠝,,
櫑,,
樏,,
蔂,,
阞,,
軂,,
橑,,
蛯,,
蟧,,
嶗,,
浶,,
粩,,
樃,,
灠,,
爤,,
壏,,
浨,,
钄,,
灡,,
藾,,
筣,,
嚟,,
豂,,
邌,,
屪,,
煷,,
湸,,
裲,,
嬚,,
蹥,,
濓,,
聨,,
噒,,
覝,,
奩,,
酈,,
礪,,
巁,,
蜧,,
鉝,,
蛠,,
悷,,
朸,,
峛,,
鸝,,
驪,,
鑗,,
侖,,
圇,,
綸,,
峱,,
婻,,
戁,,
揇,,
遖,,
渿,,
雫,,
乸,,
鎿,,
丆,,
楘,,
萺,,
胟,,
畒,,
氁,,
洠,,
礳,,
鏌,,
藦,,
袹,,
砞,,
枺,,
歿,,
嚩,,
灢,,
詉,,
慏,,
嫐,,
寜,,
拰,,
蠥,,
闑,,
嚙,,
槷,,
嵲,,
菍,,
惗,,
枿,,
艌,,
蹨,,
涊,,
嬺,,
縌,,
嫟,,
堄,,
胒,,
鉨,,
掜,,
蚭,,
屔,,
鯘,,
嚤,,
覭,,
錀,,
煝,,
黣,,
鎂,,
攟,,
槑,,
塺,,
珻,,
唜,,
蝐,,
愗,,
毜,,
壾,,
鋩,,
哤,,
杗,,
縵,6 4 5 2,
樠,,
霢,,
衇,,
蟇,,
笿,,
騾,,
覶,,
腡,,
跊,,
菛,,
敯,,
雺,,
閔,,
勄,,
崏,,
盿,,
旼,,
庿,,
玅,,
偭,,
櫋,,
婂,,
淧,,
宻,,
孊,,
渳,,
羋,,
爢,,
麛,,
禰,,
冞,,
懜,,
饛,,
矒,,
氋,,
鵣,,
賚,,
匫,,
芶,,
檟,,
鉀,,
椵,,
徦,,
蛺,,
戞,,
郟,,
泇,,
懻,,
萕,,
旣,,
穖,,
麳,,
鱾,,
轚,,
嶯,,
銡,,
趌,,
焏,,
卙,,
觙,,
皍,,
郆,,
忣,,
惤,,
豜,,
蕳,,
殱,,
訆,,
敽,,
撟,,
踋,,
笅,,
嶣,,
嶕,,
摾,,
槳,,
繮,,
螿,,
磵,,
賎,,
釼,,
袸,,
剱,,
鹼,,
襉,,
襇,,
絸,,
筧,,
弿,,
揃,,
亼,,
鑙,,
鞿,,
翬,,
詼,,
洃,,
皩,,
騜,,
韹,,
熿,,
峘,,
瀤,,
繣,,
摦,,
崋,,
杹,,
鷨,,
磆,,
槴,,
蔰,,
嫮,,
綔,,
乕,,
螜,,
蔛,,
抇,,
嘑,,
幑,,
囘,,
鐖,,
囬,,
譤,,
隮,,
憿,,
嘰,,
銈,,
曤,,
蒦,,
剨,,
諢,,
慁,,
繉,,
餛,,
睧,,
葷,,
孈,,
闠,,
篲,,
檜,,
薈,,
槥,,
嘒,,
恵,,
譭,,
擑,,
卪,,
岊,,
郀,,
彄,,
躻,,
鍞,,
挳,,
劥,,
錹,,
肎,,
娔,,
敤,,
嶱,,
樖,,
胢,,
丂,,
轗,,
歁,,
愾,,
鐦,,
鵕,,
鵔,,
燇,,
麏,,
鲪,,
銞,,
窛,,
髖,,
碅,,
筺,,
棶,,
鯻,,
嚹,,
藞,,
濶,,
萿,,
褌,,
蜫,,
嬇,,
嘳,,
尯,,
蹞,,
頍,,
虁,,
戣,,
巋,,
聧,,
穬,,
懬,,
黋,,
壙,,
儣,,
軭,,
皹,,
蚐,,
嵥,,
乆,,
僒,,
綗,,
侰,,
竸,,
踁,,
桱,,
幜,,
穽,,
猄,,
覲,,
藎,,
嚍,,
殣,,
僸,,
侭,,
漌,,
琻,,
繲,,
犗,,
衸,,
忦,,
頡,3 3 2 7,
鉣,,
煛,,
乣,,
貜,,
舏,,
欔,,
蟩,,
镼,,
憰,,
趉,,
獧,,
臇,,
躆,,
簴,,
颶,,
懅,,
埾,,
耟,,
粔,,
昛,,
欅,,
擧,,
鶪,,
蘜,,
僪,,
湨,,
狊,,
蜛,,
〇,,
